"date","time","ID1","behavior"
"23/11/2017","11:29:08","Raimee","urine-interaction"
"23/11/2017","11:34:58","Erika","urine-interaction"
"23/11/2017","11:39:35","Gaby","urine-interaction"
"24/11/2017","14:57:18","Jimmie","urine-interaction"
"04/12/2017","10:08:39","Gaby","urine-interaction"
"08/12/2017","13:38:27","Gaby","urine-interaction"
"11/12/2017","10:58:28","Gaby","urine-interaction"
"11/12/2017","11:05:47","Roosje","urine-interaction"
"14/12/2017","12:20:38","Gaby","urine-interaction"
"15/12/2017","10:06:33","Gaby","urine-interaction"
"15/12/2017","11:17:49","Gaby","urine-interaction"
"08/01/2018","11:21:26","Gaby","urine-interaction"
"08/01/2018","11:52:37","Gaby","urine-interaction"
"09/01/2018","15:06:05","Gaby","urine-interaction"
"09/01/2018","15:36:05","Gaby","urine-interaction"
"15/01/2018","15:17:24","Gaby","urine-interaction"
"16/01/2018","11:25:43","Gaby","urine-interaction"
"18/01/2018","10:39:05","Gaby","urine-interaction"
"19/01/2018","13:08:02","Gaby","urine-interaction"
"19/01/2018","13:24:09","Gaby","urine-interaction"
"19/01/2018","13:31:36","Gaby","urine-interaction"
"19/01/2018","13:56:46","Gaby","urine-interaction"
"01/02/2018","11:16:32","Gaby","urine-interaction"
"15/02/2018","11:39:43","Gaby","urine-interaction"
"15/02/2018","12:10:35","Gaby","urine-interaction"
"20/02/2018","13:33:01","Gaby","urine-interaction"
"23/02/2018","13:52:59","Gaby","urine-interaction"
"27/02/2018","09:25:39","Gaby","urine-interaction"
"08/03/2018","12:38:44","Gaby","urine-interaction"
"13/03/2018","13:47:21","Gaby","urine-interaction"
"20/03/2018","11:44:56","Gaby","urine-interaction"
"22/03/2018","12:55:33","Gaby","urine-interaction"
"22/03/2018","13:17:00","Erika","urine-interaction"
"05/04/2018","12:11:29","Erika","urine-interaction"
"16/04/2018","11:52:30","Gaby","urine-interaction"
"23/11/2017","11:37:48","Fons","rock"
"24/11/2017","14:00:49","Fons","rock"
"30/11/2017","12:24:48","Jimmie","rock"
"08/12/2017","13:10:40","Fons","rock"
"11/12/2017","11:41:28","Jimmie","rock"
"12/12/2017","13:40:40","Fons","rock"
"12/12/2017","14:28:06","Moniek","rock"
"12/12/2017","14:28:57","Moniek","rock"
"12/12/2017","14:29:08","Moniek","rock"
"12/12/2017","14:33:13","Moniek","rock"
"12/12/2017","14:34:48","Moniek","rock"
"14/12/2017","11:42:57","Jimmie","rock"
"14/12/2017","11:48:15","Fons","rock"
"14/12/2017","11:48:51","Fons","rock"
"14/12/2017","11:50:23","Fons","rock"
"14/12/2017","11:51:05","Fons","rock"
"14/12/2017","11:52:05","Tushi","rock"
"14/12/2017","11:53:14","Jimmie","rock"
"14/12/2017","11:56:13","Jimmie","rock"
"14/12/2017","11:56:52","Tushi","rock"
"14/12/2017","11:58:10","Jimmie","rock"
"14/12/2017","12:00:23","Jimmie","rock"
"14/12/2017","12:13:34","Fons","rock"
"08/01/2018","10:54:10","Fons","rock"
"08/01/2018","10:54:27","Fons","rock"
"11/01/2018","12:47:55","Moniek","rock"
"11/01/2018","12:48:51","Moniek","rock"
"11/01/2018","12:49:24","Moniek","rock"
"16/01/2018","11:13:30","Giambo","rock"
"19/01/2018","13:48:17","Tushi","rock"
"19/01/2018","14:18:21","Tushi","rock"
"22/01/2018","13:18:01","Jimmie","rock"
"22/01/2018","13:20:02","Jimmie","rock"
"22/01/2018","13:23:12","Jimmie","rock"
"22/01/2018","14:37:17","Moni","rock"
"25/01/2018","15:51:42","Tesua","rock"
"01/02/2018","11:56:59","Jimmie","rock"
"01/02/2018","11:59:07","Jimmie","rock"
"06/02/2018","10:56:01","Fons","rock"
"08/02/2018","13:17:16","Moniek","rock"
"08/02/2018","13:17:36","Moniek","rock"
"15/02/2018","12:12:44","Moniek","rock"
"16/02/2018","09:32:43","Jimmie","rock"
"16/02/2018","09:34:22","Jimmie","rock"
"02/03/2018","10:59:03","Jimmie","rock"
"05/03/2018","14:15:57","Jimmie","rock"
"08/03/2018","13:27:49","Moniek","rock"
"09/03/2018","09:30:58","Jimmie","rock"
"13/03/2018","13:25:13","Tushi","rock"
"22/03/2018","12:50:02","Tesua","rock"
"23/03/2018","14:21:26","Fons","rock"
"26/03/2018","14:57:36","Moni","rock"
"06/04/2018","14:30:50","Tesua","rock"
"10/04/2018","15:53:42","Fons","rock"
"10/04/2018","15:54:53","Fons","rock"
"10/04/2018","16:33:30","Fons","rock"
"10/04/2018","16:40:52","Jimmie","rock"
"10/04/2018","16:43:36","Morami","rock"
"10/04/2018","16:43:54","Moniek","rock"
"13/04/2018","13:16:51","Moniek","rock"
"24/04/2018","14:27:25","Tushi","rock"
"01/05/2018","14:42:36","Tushi","rock"
"04/05/2018","12:49:10","Moni","rock"
"08/05/2018","15:45:29","Tushi","rock"
"08/05/2018","16:49:29","Moniek","rock"
"24/05/2018","11:01:00","Tushi","rock"
"25/05/2018","10:20:25","Moniek","rock"
"21/11/2017","10:26:57","Tesua","pluck"
"21/11/2017","11:08:00","Geisha","pluck"
"23/11/2017","10:52:10","Raimee","pluck"
"23/11/2017","10:52:23","Raimee","pluck"
"23/11/2017","11:16:51","Tushi","pluck"
"23/11/2017","11:49:11","Giambo","pluck"
"27/11/2017","15:22:31","Tushi","pluck"
"27/11/2017","15:38:06","Tushi","pluck"
"30/11/2017","12:42:19","Gaby","pluck"
"07/12/2017","10:30:47","Raimee","pluck"
"07/12/2017","10:31:39","Ghineau","pluck"
"08/12/2017","13:03:05","Geisha","pluck"
"08/12/2017","13:40:49","Gaby","pluck"
"08/12/2017","13:57:49","Gaby","pluck"
"11/12/2017","12:04:56","Roosje","pluck"
"11/12/2017","12:07:57","Roosje","pluck"
"12/12/2017","13:52:53","Roosje","pluck"
"12/12/2017","13:58:46","Geisha","pluck"
"12/12/2017","14:17:42","Raimee","pluck"
"12/12/2017","14:22:29","Gaby","pluck"
"14/12/2017","12:40:21","Geisha","pluck"
"08/01/2018","11:06:51","Fons","pluck"
"08/01/2018","11:21:33","Raimee","pluck"
"08/01/2018","11:55:13","Geisha","pluck"
"08/01/2018","12:02:07","Geisha","pluck"
"08/01/2018","12:18:13","Geisha","pluck"
"09/01/2018","14:48:13","Roosje","pluck"
"09/01/2018","14:57:35","Roosje","pluck"
"09/01/2018","15:08:09","Roosje","pluck"
"09/01/2018","15:33:33","Tushi","pluck"
"09/01/2018","15:34:28","Ghineau","pluck"
"11/01/2018","12:07:45","Geisha","pluck"
"11/01/2018","12:58:46","Gaby","pluck"
"12/01/2018","14:06:00","Gaby","pluck"
"15/01/2018","15:06:15","Tushi","pluck"
"15/01/2018","15:07:07","Tushi","pluck"
"15/01/2018","15:07:16","Tushi","pluck"
"15/01/2018","15:08:49","Tushi","pluck"
"16/01/2018","12:21:28","Roosje","pluck"
"19/01/2018","13:03:47","Tushi","pluck"
"19/01/2018","13:40:05","Tushi","pluck"
"13/02/2018","13:13:06","Tesua","pluck"
"13/02/2018","13:15:52","Tesua","pluck"
"22/02/2018","12:19:08","Raimee","pluck"
"22/02/2018","12:20:52","Morami","pluck"
"05/03/2018","14:24:05","Roosje","pluck"
"05/03/2018","14:42:51","Tushi","pluck"
"12/03/2018","11:39:11","Ghineau","pluck"
"12/03/2018","12:16:47","Ghineau","pluck"
"12/03/2018","12:27:07","Geisha","pluck"
"22/03/2018","13:00:29","Geisha","pluck"
"10/04/2018","16:47:50","Roosje","pluck"
"16/04/2018","11:59:11","Ghineau","pluck"
"17/04/2018","10:34:32","Ghineau","pluck"
"19/04/2018","10:16:43","Giambo","pluck"
"26/04/2018","16:59:27","Fons","pluck"
"15/05/2018","13:26:43","Tesua","pluck"
"20/11/2017","12:05:01","Fons","manipulate-feces"
"20/11/2017","12:08:46","Fons","manipulate-feces"
"20/11/2017","12:10:43","Fons","manipulate-feces"
"20/11/2017","12:17:57","Moniek","manipulate-feces"
"20/11/2017","12:26:29","Roosje","manipulate-feces"
"20/11/2017","12:28:41","Roosje","manipulate-feces"
"20/11/2017","13:15:34","Jing","manipulate-feces"
"20/11/2017","13:17:44","Jing","manipulate-feces"
"20/11/2017","13:23:42","Morami","manipulate-feces"
"20/11/2017","13:26:35","Morami","manipulate-feces"
"21/11/2017","10:17:02","Roosje","manipulate-feces"
"21/11/2017","11:00:53","Roosje","manipulate-feces"
"21/11/2017","11:07:52","Roosje","manipulate-feces"
"21/11/2017","11:11:13","Giambo","manipulate-feces"
"21/11/2017","11:13:17","Giambo","manipulate-feces"
"23/11/2017","10:42:26","Roosje","manipulate-feces"
"23/11/2017","10:54:44","Roosje","manipulate-feces"
"23/11/2017","11:31:01","Roosje","manipulate-feces"
"23/11/2017","11:40:45","Jing","manipulate-feces"
"23/11/2017","11:53:43","Roosje","manipulate-feces"
"23/11/2017","11:57:16","Morami","manipulate-feces"
"24/11/2017","13:37:50","Ghineau","manipulate-feces"
"24/11/2017","13:38:06","Roosje","manipulate-feces"
"23/11/2017","10:33:20","Tesua","coprophagy"
"24/11/2017","13:43:18","Fons","manipulate-feces"
"24/11/2017","13:54:56","Gaby","manipulate-feces"
"24/11/2017","14:28:48","Raimee","manipulate-feces"
"24/11/2017","14:46:31","Jing","manipulate-feces"
"24/11/2017","13:41:48","Tesua","manipulate-feces"
"24/11/2017","14:51:08","Roosje","manipulate-feces"
"24/11/2017","14:51:33","Fons","manipulate-feces"
"24/11/2017","14:52:33","Fons","manipulate-feces"
"24/11/2017","14:54:59","Moniek","manipulate-feces"
"27/11/2017","14:32:50","Raimee","manipulate-feces"
"27/11/2017","14:38:18","Gaby","manipulate-feces"
"27/11/2017","14:53:27","Raimee","manipulate-feces"
"27/11/2017","14:54:30","Raimee","manipulate-feces"
"27/11/2017","14:54:52","Roosje","manipulate-feces"
"27/11/2017","15:03:38","Erika","manipulate-feces"
"27/11/2017","15:06:14","Jing","manipulate-feces"
"27/11/2017","15:11:59","Jing","manipulate-feces"
"24/11/2017","14:48:02","Tesua","manipulate-feces"
"27/11/2017","15:41:04","Gaby","manipulate-feces"
"27/11/2017","15:53:11","Moniek","manipulate-feces"
"28/11/2017","13:47:45","Gaby","manipulate-feces"
"30/11/2017","11:19:13","Jing","manipulate-feces"
"30/11/2017","11:39:46","Raimee","manipulate-feces"
"30/11/2017","11:40:09","Roosje","manipulate-feces"
"30/11/2017","12:16:35","Fons","manipulate-feces"
"01/12/2017","10:58:05","Giambo","manipulate-feces"
"08/12/2017","13:18:16","Roosje","manipulate-feces"
"08/12/2017","13:21:09","Raimee","manipulate-feces"
"24/11/2017","13:44:16","Tesua","coprophagy"
"08/12/2017","13:24:17","Erika","manipulate-feces"
"08/12/2017","13:36:50","Fons","manipulate-feces"
"08/12/2017","13:37:30","Fons","manipulate-feces"
"08/12/2017","13:49:40","Gaby","manipulate-feces"
"11/12/2017","10:54:43","Fons","manipulate-feces"
"27/11/2017","15:28:04","Tesua","manipulate-feces"
"11/12/2017","11:22:04","Gaby","manipulate-feces"
"11/12/2017","11:29:39","Erika","manipulate-feces"
"11/12/2017","11:37:11","Fons","manipulate-feces"
"11/12/2017","11:37:21","Erika","manipulate-feces"
"11/12/2017","11:38:25","Raimee","manipulate-feces"
"11/12/2017","11:39:00","Roosje","manipulate-feces"
"11/12/2017","11:39:52","Giambo","manipulate-feces"
"11/12/2017","11:39:58","Raimee","manipulate-feces"
"11/12/2017","11:40:03","Ghineau","manipulate-feces"
"11/12/2017","11:41:22","Giambo","manipulate-feces"
"11/12/2017","12:07:30","Morami","manipulate-feces"
"12/12/2017","13:25:25","Raimee","manipulate-feces"
"12/12/2017","13:26:58","Fons","manipulate-feces"
"12/12/2017","13:27:47","Raimee","manipulate-feces"
"12/12/2017","13:28:21","Roosje","manipulate-feces"
"12/12/2017","13:28:54","Fons","manipulate-feces"
"12/12/2017","13:30:57","Fons","manipulate-feces"
"12/12/2017","13:40:24","Roosje","manipulate-feces"
"12/12/2017","13:40:30","Gaby","manipulate-feces"
"12/12/2017","13:42:47","Raimee","manipulate-feces"
"12/12/2017","13:42:56","Roosje","manipulate-feces"
"12/12/2017","14:22:42","Giambo","manipulate-feces"
"14/12/2017","11:34:23","Jing","manipulate-feces"
"14/12/2017","12:09:27","Fons","manipulate-feces"
"15/12/2017","11:05:55","Giambo","manipulate-feces"
"08/01/2018","10:59:16","Giambo","manipulate-feces"
"08/01/2018","11:01:01","Jing","manipulate-feces"
"08/01/2018","11:19:15","Giambo","manipulate-feces"
"09/01/2018","14:32:33","Fons","manipulate-feces"
"27/11/2017","15:26:53","Tesua","coprophagy"
"09/01/2018","14:38:38","Moniek","manipulate-feces"
"09/01/2018","14:39:16","Fons","manipulate-feces"
"09/01/2018","14:44:03","Fons","manipulate-feces"
"09/01/2018","15:32:54","Morami","manipulate-feces"
"09/01/2018","15:39:06","Erika","manipulate-feces"
"11/01/2018","12:15:51","Roosje","manipulate-feces"
"11/01/2018","12:20:12","Roosje","manipulate-feces"
"11/01/2018","12:23:33","Jing","manipulate-feces"
"08/12/2017","13:22:00","Tesua","manipulate-feces"
"12/01/2018","14:29:59","Fons","manipulate-feces"
"12/01/2018","14:33:15","Roosje","manipulate-feces"
"12/01/2018","15:05:20","Roosje","manipulate-feces"
"15/01/2018","14:33:28","Fons","manipulate-feces"
"15/01/2018","15:19:37","Gaby","manipulate-feces"
"15/01/2018","15:31:41","Erika","manipulate-feces"
"15/01/2018","15:38:25","Erika","manipulate-feces"
"15/01/2018","15:53:16","Fons","manipulate-feces"
"15/01/2018","15:53:39","Fons","manipulate-feces"
"16/01/2018","11:03:03","Fons","manipulate-feces"
"18/01/2018","10:18:44","Giambo","manipulate-feces"
"19/01/2018","13:04:14","Raimee","manipulate-feces"
"19/01/2018","13:06:06","Roosje","manipulate-feces"
"19/01/2018","13:12:04","Jing","manipulate-feces"
"19/01/2018","14:12:35","Raimee","manipulate-feces"
"19/01/2018","14:14:52","Jing","manipulate-feces"
"22/01/2018","13:31:11","Giambo","manipulate-feces"
"22/01/2018","14:17:53","Roosje","manipulate-feces"
"22/01/2018","14:19:57","Gaby","manipulate-feces"
"23/01/2018","11:57:33","Giambo","manipulate-feces"
"23/01/2018","12:03:56","Giambo","manipulate-feces"
"23/01/2018","12:19:33","Roosje","manipulate-feces"
"23/01/2018","12:26:48","Roosje","manipulate-feces"
"23/01/2018","12:38:09","Tushi","manipulate-feces"
"25/01/2018","14:41:02","Jing","manipulate-feces"
"25/01/2018","14:52:43","Jing","manipulate-feces"
"25/01/2018","15:17:24","Giambo","manipulate-feces"
"25/01/2018","15:22:23","Roosje","manipulate-feces"
"25/01/2018","15:35:50","Raimee","manipulate-feces"
"25/01/2018","15:41:14","Fons","manipulate-feces"
"01/02/2018","11:22:36","Roosje","manipulate-feces"
"01/02/2018","12:28:15","Fons","manipulate-feces"
"01/02/2018","12:29:36","Moni","manipulate-feces"
"06/02/2018","10:29:49","Fons","manipulate-feces"
"06/02/2018","11:08:05","Roosje","manipulate-feces"
"06/02/2018","11:36:14","Giambo","manipulate-feces"
"06/02/2018","11:36:46","Jing","manipulate-feces"
"11/12/2017","11:12:08","Tesua","manipulate-feces"
"08/02/2018","12:19:45","Roosje","manipulate-feces"
"08/02/2018","13:14:58","Geisha","manipulate-feces"
"08/02/2018","13:22:05","Fons","manipulate-feces"
"08/02/2018","13:22:19","Roosje","manipulate-feces"
"08/02/2018","13:24:36","Gaby","manipulate-feces"
"13/02/2018","13:24:26","Fons","manipulate-feces"
"13/02/2018","13:35:47","Raimee","manipulate-feces"
"13/02/2018","13:35:50","Tushi","manipulate-feces"
"13/02/2018","13:38:21","Raimee","manipulate-feces"
"13/02/2018","13:42:49","Jing","manipulate-feces"
"13/02/2018","13:57:24","Raimee","manipulate-feces"
"13/02/2018","14:26:09","Fons","manipulate-feces"
"20/02/2018","13:09:19","Raimee","manipulate-feces"
"20/02/2018","13:15:37","Raimee","manipulate-feces"
"22/02/2018","13:27:00","Raimee","manipulate-feces"
"22/02/2018","13:29:44","Jing","manipulate-feces"
"22/02/2018","13:39:47","Fons","manipulate-feces"
"23/02/2018","13:51:35","Jing","manipulate-feces"
"23/02/2018","13:52:22","Fons","manipulate-feces"
"23/02/2018","14:44:12","Jimmie","manipulate-feces"
"23/02/2018","14:57:46","Tushi","manipulate-feces"
"26/02/2018","14:53:59","Fons","manipulate-feces"
"26/02/2018","15:09:06","Jing","manipulate-feces"
"26/02/2018","15:35:37","Moni","manipulate-feces"
"26/02/2018","15:35:45","Raimee","manipulate-feces"
"27/02/2018","09:17:38","Raimee","manipulate-feces"
"27/02/2018","09:18:43","Erika","manipulate-feces"
"27/02/2018","09:28:06","Raimee","manipulate-feces"
"27/02/2018","09:41:18","Raimee","manipulate-feces"
"05/03/2018","14:04:34","Giambo","manipulate-feces"
"05/03/2018","14:15:37","Ghineau","manipulate-feces"
"06/03/2018","11:41:52","Jing","manipulate-feces"
"08/03/2018","13:48:12","Gaby","manipulate-feces"
"09/03/2018","10:03:01","Roosje","manipulate-feces"
"09/03/2018","10:29:48","Roosje","manipulate-feces"
"13/03/2018","13:44:39","Jimmie","manipulate-feces"
"13/03/2018","13:49:35","Jing","manipulate-feces"
"13/03/2018","13:54:33","Roosje","manipulate-feces"
"20/03/2018","11:44:37","Erika","manipulate-feces"
"22/03/2018","12:16:48","Raimee","manipulate-feces"
"23/03/2018","14:00:36","Raimee","manipulate-feces"
"23/03/2018","14:01:25","Roosje","manipulate-feces"
"23/03/2018","14:17:35","Moniek","manipulate-feces"
"23/03/2018","14:19:52","Roosje","manipulate-feces"
"23/03/2018","14:27:20","Moniek","manipulate-feces"
"23/03/2018","14:28:10","Moni","manipulate-feces"
"23/03/2018","14:28:48","Roosje","manipulate-feces"
"23/03/2018","14:29:40","Jimmie","manipulate-feces"
"23/03/2018","15:08:28","Roosje","manipulate-feces"
"23/03/2018","15:24:52","Gaby","manipulate-feces"
"26/03/2018","14:37:32","Tushi","manipulate-feces"
"26/03/2018","15:02:42","Erika","manipulate-feces"
"26/03/2018","15:18:40","Raimee","manipulate-feces"
"26/03/2018","15:58:16","Roosje","manipulate-feces"
"27/03/2018","12:45:36","Morami","manipulate-feces"
"29/03/2018","13:12:12","Fons","manipulate-feces"
"09/04/2018","15:38:45","Gaby","manipulate-feces"
"09/04/2018","16:12:51","Gaby","manipulate-feces"
"09/04/2018","16:16:56","Raimee","manipulate-feces"
"09/04/2018","16:18:39","Roosje","manipulate-feces"
"09/04/2018","16:27:42","Jing","manipulate-feces"
"10/04/2018","16:32:32","Gaby","manipulate-feces"
"12/04/2018","14:47:04","Gaby","manipulate-feces"
"12/04/2018","14:48:30","Raimee","manipulate-feces"
"12/04/2018","14:48:55","Jimmie","manipulate-feces"
"12/04/2018","14:58:22","Fons","manipulate-feces"
"13/04/2018","12:56:38","Fons","manipulate-feces"
"16/04/2018","11:25:01","Morami","manipulate-feces"
"20/04/2018","11:40:21","Fons","manipulate-feces"
"20/04/2018","11:43:31","Fons","manipulate-feces"
"23/04/2018","12:12:23","Fons","manipulate-feces"
"23/04/2018","12:13:01","Raimee","manipulate-feces"
"23/04/2018","13:16:50","Raimee","manipulate-feces"
"24/04/2018","13:47:46","Raimee","manipulate-feces"
"24/04/2018","13:51:09","Raimee","manipulate-feces"
"24/04/2018","13:56:52","Raimee","manipulate-feces"
"24/04/2018","14:24:44","Gaby","manipulate-feces"
"26/04/2018","15:52:06","Gaby","manipulate-feces"
"26/04/2018","16:00:39","Moni","manipulate-feces"
"26/04/2018","16:00:53","Fons","manipulate-feces"
"26/04/2018","16:05:48","Geisha","manipulate-feces"
"26/04/2018","16:11:21","Jing","manipulate-feces"
"26/04/2018","16:12:03","Gaby","manipulate-feces"
"26/04/2018","16:14:54","Gaby","manipulate-feces"
"26/04/2018","16:27:28","Jing","manipulate-feces"
"26/04/2018","16:29:00","Roosje","manipulate-feces"
"26/04/2018","16:37:44","Roosje","manipulate-feces"
"26/04/2018","16:44:33","Gaby","manipulate-feces"
"26/04/2018","16:44:37","Roosje","manipulate-feces"
"26/04/2018","16:44:59","Erika","manipulate-feces"
"26/04/2018","16:49:07","Erika","manipulate-feces"
"26/04/2018","16:53:46","Roosje","manipulate-feces"
"30/04/2018","15:54:50","Tushi","manipulate-feces"
"08/05/2018","15:43:11","Raimee","manipulate-feces"
"11/05/2018","13:16:46","Jing","manipulate-feces"
"11/05/2018","13:17:45","Jing","manipulate-feces"
"14/05/2018","14:19:04","Roosje","manipulate-feces"
"14/05/2018","14:42:22","Gaby","manipulate-feces"
"15/05/2018","12:44:08","Raimee","manipulate-feces"
"15/05/2018","13:14:21","Morami","manipulate-feces"
"18/05/2018","16:24:48","Raimee","manipulate-feces"
"22/05/2018","13:24:12","Fons","manipulate-feces"
"22/05/2018","13:32:07","Jing","manipulate-feces"
"28/05/2018","11:22:30","Raimee","manipulate-feces"
"20/11/2017","12:04:22","Moniek","crossedarm_walk"
"20/11/2017","12:05:08","Moniek","crossedarm_walk"
"20/11/2017","12:15:30","Morami","crossedarm_walk"
"20/11/2017","12:18:27","Morami","crossedarm_walk"
"20/11/2017","12:29:54","Morami","crossedarm_walk"
"20/11/2017","12:35:18","Morami","crossedarm_walk"
"20/11/2017","13:19:29","Morami","crossedarm_walk"
"21/11/2017","10:12:36","Morami","crossedarm_walk"
"21/11/2017","10:16:00","Morami","crossedarm_walk"
"21/11/2017","10:16:23","Moniek","crossedarm_walk"
"21/11/2017","10:22:01","Morami","crossedarm_walk"
"21/11/2017","10:23:32","Morami","crossedarm_walk"
"21/11/2017","10:23:36","Moniek","crossedarm_walk"
"21/11/2017","10:27:47","Morami","crossedarm_walk"
"21/11/2017","10:27:59","Moniek","crossedarm_walk"
"23/11/2017","11:22:46","Moni","crossedarm_walk"
"23/11/2017","11:25:10","Moni","crossedarm_walk"
"23/11/2017","11:26:15","Moni","crossedarm_walk"
"23/11/2017","11:26:57","Moni","crossedarm_walk"
"23/11/2017","11:57:06","Morami","crossedarm_walk"
"23/11/2017","11:57:44","Morami","crossedarm_walk"
"24/11/2017","14:02:37","Morami","crossedarm_walk"
"24/11/2017","14:06:00","Morami","crossedarm_walk"
"24/11/2017","14:06:47","Morami","crossedarm_walk"
"24/11/2017","14:15:52","Morami","crossedarm_walk"
"24/11/2017","14:49:13","Morami","crossedarm_walk"
"24/11/2017","14:50:16","Tushi","crossedarm_walk"
"24/11/2017","14:51:47","Gaby","crossedarm_walk"
"27/11/2017","14:59:26","Tushi","crossedarm_walk"
"27/11/2017","15:09:52","Tushi","crossedarm_walk"
"27/11/2017","15:11:34","Tushi","crossedarm_walk"
"27/11/2017","15:25:23","Tushi","crossedarm_walk"
"27/11/2017","15:43:02","Tushi","crossedarm_walk"
"30/11/2017","11:24:46","Raimee","crossedarm_walk"
"01/12/2017","09:56:52","Morami","crossedarm_walk"
"01/12/2017","09:57:48","Morami","crossedarm_walk"
"01/12/2017","10:02:35","Morami","crossedarm_walk"
"04/12/2017","09:31:29","Moni","crossedarm_walk"
"04/12/2017","09:36:22","Morami","crossedarm_walk"
"04/12/2017","09:48:21","Morami","crossedarm_walk"
"04/12/2017","09:48:35","Moniek","crossedarm_walk"
"04/12/2017","10:02:39","Morami","crossedarm_walk"
"04/12/2017","10:03:12","Morami","crossedarm_walk"
"04/12/2017","10:05:57","Morami","crossedarm_walk"
"07/12/2017","09:11:45","Morami","crossedarm_walk"
"07/12/2017","09:12:16","Morami","crossedarm_walk"
"07/12/2017","09:14:21","Tushi","crossedarm_walk"
"07/12/2017","09:14:48","Tushi","crossedarm_walk"
"07/12/2017","09:18:38","Tushi","crossedarm_walk"
"07/12/2017","09:21:02","Moni","crossedarm_walk"
"07/12/2017","09:21:42","Morami","crossedarm_walk"
"07/12/2017","09:21:51","Moniek","crossedarm_walk"
"07/12/2017","09:23:15","Tesua","crossedarm_walk"
"07/12/2017","09:23:24","Moniek","crossedarm_walk"
"07/12/2017","09:24:24","Moni","crossedarm_walk"
"07/12/2017","09:55:03","Morami","crossedarm_walk"
"07/12/2017","09:57:42","Morami","crossedarm_walk"
"08/12/2017","14:28:21","Morami","crossedarm_walk"
"11/12/2017","11:15:32","Tushi","crossedarm_walk"
"11/12/2017","11:38:50","Moni","crossedarm_walk"
"14/12/2017","12:04:44","Moniek","crossedarm_walk"
"15/12/2017","11:15:41","Moni","crossedarm_walk"
"15/12/2017","11:19:33","Morami","crossedarm_walk"
"08/01/2018","11:56:52","Moniek","crossedarm_walk"
"09/01/2018","15:51:40","Tushi","crossedarm_walk"
"11/01/2018","11:46:28","Morami","crossedarm_walk"
"11/01/2018","11:46:34","Roosje","crossedarm_walk"
"11/01/2018","11:48:52","Moniek","crossedarm_walk"
"11/01/2018","11:50:55","Moniek","crossedarm_walk"
"11/01/2018","12:10:07","Moniek","crossedarm_walk"
"11/01/2018","12:12:38","Moniek","crossedarm_walk"
"11/01/2018","13:03:31","Roosje","crossedarm_walk"
"11/01/2018","13:03:52","Moniek","crossedarm_walk"
"15/01/2018","14:38:51","Gaby","crossedarm_walk"
"16/01/2018","12:02:53","Moni","crossedarm_walk"
"16/01/2018","12:29:15","Roosje","crossedarm_walk"
"16/01/2018","12:30:01","Roosje","crossedarm_walk"
"22/01/2018","13:16:04","Moni","crossedarm_walk"
"22/01/2018","13:17:51","Moni","crossedarm_walk"
"22/01/2018","13:18:24","Moni","crossedarm_walk"
"22/01/2018","13:27:30","Moni","crossedarm_walk"
"22/01/2018","13:28:19","Moni","crossedarm_walk"
"22/01/2018","13:30:08","Moni","crossedarm_walk"
"22/01/2018","14:27:11","Morami","crossedarm_walk"
"22/01/2018","14:28:12","Morami","crossedarm_walk"
"25/01/2018","14:32:18","Moniek","crossedarm_walk"
"25/01/2018","14:32:35","Morami","crossedarm_walk"
"25/01/2018","14:33:36","Moniek","crossedarm_walk"
"25/01/2018","14:34:04","Moniek","crossedarm_walk"
"25/01/2018","14:36:10","Moniek","crossedarm_walk"
"25/01/2018","14:39:08","Morami","crossedarm_walk"
"25/01/2018","14:42:06","Morami","crossedarm_walk"
"25/01/2018","15:25:39","Morami","crossedarm_walk"
"25/01/2018","15:29:14","Morami","crossedarm_walk"
"26/01/2018","09:59:07","Morami","crossedarm_walk"
"26/01/2018","10:00:34","Morami","crossedarm_walk"
"01/02/2018","11:25:42","Morami","crossedarm_walk"
"01/02/2018","11:53:09","Moni","crossedarm_walk"
"01/02/2018","11:53:27","Moni","crossedarm_walk"
"01/02/2018","11:54:59","Moni","crossedarm_walk"
"01/02/2018","11:57:28","Moni","crossedarm_walk"
"01/02/2018","12:32:30","Moni","crossedarm_walk"
"01/02/2018","12:33:27","Morami","crossedarm_walk"
"06/02/2018","11:40:10","Morami","crossedarm_walk"
"06/02/2018","11:41:46","Morami","crossedarm_walk"
"06/02/2018","11:49:04","Morami","crossedarm_walk"
"08/02/2018","12:22:15","Moni","crossedarm_walk"
"08/02/2018","12:23:00","Moni","crossedarm_walk"
"13/02/2018","14:26:46","Morami","crossedarm_walk"
"15/02/2018","12:35:27","Morami","crossedarm_walk"
"15/02/2018","12:36:51","Morami","crossedarm_walk"
"15/02/2018","12:41:53","Moniek","crossedarm_walk"
"16/02/2018","09:42:54","Morami","crossedarm_walk"
"16/02/2018","09:43:47","Morami","crossedarm_walk"
"16/02/2018","09:45:57","Moniek","crossedarm_walk"
"16/02/2018","09:47:03","Morami","crossedarm_walk"
"16/02/2018","09:48:49","Tushi","crossedarm_walk"
"16/02/2018","09:51:12","Morami","crossedarm_walk"
"16/02/2018","09:52:07","Moniek","crossedarm_walk"
"20/02/2018","13:57:29","Morami","crossedarm_walk"
"23/02/2018","13:51:31","Moni","crossedarm_walk"
"23/02/2018","14:21:33","Morami","crossedarm_walk"
"23/02/2018","14:25:36","Morami","crossedarm_walk"
"23/02/2018","14:29:47","Morami","crossedarm_walk"
"23/02/2018","15:09:15","Jimmie","crossedarm_walk"
"27/02/2018","09:22:53","Morami","crossedarm_walk"
"27/02/2018","09:26:53","Morami","crossedarm_walk"
"27/02/2018","09:29:17","Morami","crossedarm_walk"
"27/02/2018","10:22:58","Morami","crossedarm_walk"
"27/02/2018","10:37:09","Morami","crossedarm_walk"
"02/03/2018","09:40:07","Morami","crossedarm_walk"
"02/03/2018","10:42:56","Moni","crossedarm_walk"
"02/03/2018","10:50:47","Moniek","crossedarm_walk"
"02/03/2018","10:58:23","Morami","crossedarm_walk"
"05/03/2018","14:52:15","Morami","crossedarm_walk"
"05/03/2018","14:54:03","Morami","crossedarm_walk"
"05/03/2018","14:56:30","Morami","crossedarm_walk"
"05/03/2018","15:08:41","Moni","crossedarm_walk"
"05/03/2018","15:13:21","Morami","crossedarm_walk"
"08/03/2018","12:38:42","Morami","crossedarm_walk"
"08/03/2018","12:56:19","Moniek","crossedarm_walk"
"08/03/2018","12:57:36","Morami","crossedarm_walk"
"08/03/2018","12:59:35","Morami","crossedarm_walk"
"08/03/2018","12:59:48","Moniek","crossedarm_walk"
"08/03/2018","13:01:02","Moniek","crossedarm_walk"
"08/03/2018","13:03:41","Morami","crossedarm_walk"
"08/03/2018","13:06:46","Morami","crossedarm_walk"
"09/03/2018","09:19:12","Moni","crossedarm_walk"
"09/03/2018","09:24:02","Moni","crossedarm_walk"
"09/03/2018","09:25:17","Moniek","crossedarm_walk"
"09/03/2018","09:28:23","Morami","crossedarm_walk"
"09/03/2018","09:31:50","Morami","crossedarm_walk"
"09/03/2018","10:14:49","Moni","crossedarm_walk"
"09/03/2018","10:17:50","Moniek","crossedarm_walk"
"09/03/2018","10:25:47","Moni","crossedarm_walk"
"12/03/2018","11:12:26","Morami","crossedarm_walk"
"12/03/2018","11:15:51","Morami","crossedarm_walk"
"12/03/2018","11:21:20","Moniek","crossedarm_walk"
"12/03/2018","11:21:34","Morami","crossedarm_walk"
"12/03/2018","11:26:52","Moniek","crossedarm_walk"
"12/03/2018","11:27:44","Morami","crossedarm_walk"
"12/03/2018","11:27:46","Moniek","crossedarm_walk"
"12/03/2018","11:28:56","Moniek","crossedarm_walk"
"12/03/2018","11:35:44","Moniek","crossedarm_walk"
"12/03/2018","11:41:20","Morami","crossedarm_walk"
"12/03/2018","11:43:18","Moni","crossedarm_walk"
"13/03/2018","13:10:01","Morami","crossedarm_walk"
"22/03/2018","12:59:42","Morami","crossedarm_walk"
"22/03/2018","12:59:49","Moniek","crossedarm_walk"
"22/03/2018","13:00:08","Roosje","crossedarm_walk"
"22/03/2018","13:04:21","Roosje","crossedarm_walk"
"22/03/2018","13:09:20","Moni","crossedarm_walk"
"23/03/2018","14:04:39","Roosje","crossedarm_walk"
"23/03/2018","14:05:33","Morami","crossedarm_walk"
"23/03/2018","14:19:45","Morami","crossedarm_walk"
"23/03/2018","15:24:46","Morami","crossedarm_walk"
"26/03/2018","14:52:10","Moni","crossedarm_walk"
"26/03/2018","15:15:50","Morami","crossedarm_walk"
"26/03/2018","15:38:41","Moni","crossedarm_walk"
"26/03/2018","15:51:15","Moni","crossedarm_walk"
"27/03/2018","11:24:38","Moni","crossedarm_walk"
"27/03/2018","11:27:51","Moni","crossedarm_walk"
"27/03/2018","11:36:11","Moni","crossedarm_walk"
"27/03/2018","11:48:15","Moniek","crossedarm_walk"
"27/03/2018","11:48:18","Morami","crossedarm_walk"
"27/03/2018","11:49:18","Roosje","crossedarm_walk"
"27/03/2018","11:49:47","Moni","crossedarm_walk"
"27/03/2018","11:57:08","Moni","crossedarm_walk"
"27/03/2018","12:08:07","Moni","crossedarm_walk"
"27/03/2018","12:08:10","Moniek","crossedarm_walk"
"27/03/2018","12:19:34","Moni","crossedarm_walk"
"27/03/2018","12:23:01","Moni","crossedarm_walk"
"27/03/2018","12:25:25","Moni","crossedarm_walk"
"27/03/2018","12:41:23","Moniek","crossedarm_walk"
"27/03/2018","12:41:26","Morami","crossedarm_walk"
"27/03/2018","12:41:28","Moni","crossedarm_walk"
"27/03/2018","12:47:09","Moni","crossedarm_walk"
"29/03/2018","13:40:48","Morami","crossedarm_walk"
"29/03/2018","13:41:49","Morami","crossedarm_walk"
"30/03/2018","10:00:33","Morami","crossedarm_walk"
"30/03/2018","10:01:54","Morami","crossedarm_walk"
"30/03/2018","10:07:05","Morami","crossedarm_walk"
"03/04/2018","10:40:37","Moni","crossedarm_walk"
"03/04/2018","10:44:41","Moni","crossedarm_walk"
"03/04/2018","10:58:41","Moni","crossedarm_walk"
"03/04/2018","11:04:16","Tushi","crossedarm_walk"
"03/04/2018","11:06:47","Moni","crossedarm_walk"
"03/04/2018","11:12:56","Moni","crossedarm_walk"
"03/04/2018","11:21:33","Moni","crossedarm_walk"
"03/04/2018","11:39:47","Moni","crossedarm_walk"
"03/04/2018","11:46:08","Moni","crossedarm_walk"
"03/04/2018","11:53:33","Moni","crossedarm_walk"
"03/04/2018","11:57:24","Moniek","crossedarm_walk"
"05/04/2018","12:24:56","Morami","crossedarm_walk"
"05/04/2018","12:25:32","Moni","crossedarm_walk"
"05/04/2018","12:26:37","Moniek","crossedarm_walk"
"05/04/2018","12:26:55","Morami","crossedarm_walk"
"05/04/2018","12:30:12","Morami","crossedarm_walk"
"05/04/2018","12:34:45","Morami","crossedarm_walk"
"05/04/2018","13:08:47","Morami","crossedarm_walk"
"05/04/2018","13:12:26","Morami","crossedarm_walk"
"05/04/2018","13:14:09","Morami","crossedarm_walk"
"06/04/2018","13:59:10","Moni","crossedarm_walk"
"06/04/2018","14:01:57","Moni","crossedarm_walk"
"06/04/2018","14:26:44","Moni","crossedarm_walk"
"06/04/2018","14:47:10","Morami","crossedarm_walk"
"09/04/2018","15:41:43","Morami","crossedarm_walk"
"09/04/2018","15:45:47","Morami","crossedarm_walk"
"09/04/2018","15:48:20","Moni","crossedarm_walk"
"09/04/2018","15:56:43","Moni","crossedarm_walk"
"09/04/2018","15:57:39","Moni","crossedarm_walk"
"09/04/2018","16:01:37","Moni","crossedarm_walk"
"09/04/2018","16:04:48","Moni","crossedarm_walk"
"09/04/2018","16:11:51","Moni","crossedarm_walk"
"09/04/2018","16:12:45","Moni","crossedarm_walk"
"09/04/2018","16:22:27","Moni","crossedarm_walk"
"09/04/2018","16:30:51","Morami","crossedarm_walk"
"12/04/2018","14:09:47","Moni","crossedarm_walk"
"12/04/2018","14:25:43","Moni","crossedarm_walk"
"12/04/2018","14:38:15","Morami","crossedarm_walk"
"12/04/2018","14:38:38","Moniek","crossedarm_walk"
"12/04/2018","14:38:50","Moni","crossedarm_walk"
"12/04/2018","14:38:54","Morami","crossedarm_walk"
"12/04/2018","14:41:47","Moni","crossedarm_walk"
"12/04/2018","14:44:13","Moni","crossedarm_walk"
"12/04/2018","14:46:04","Moniek","crossedarm_walk"
"12/04/2018","14:50:33","Moni","crossedarm_walk"
"12/04/2018","14:51:44","Moni","crossedarm_walk"
"12/04/2018","14:52:56","Moni","crossedarm_walk"
"12/04/2018","14:55:19","Morami","crossedarm_walk"
"12/04/2018","14:58:35","Moniek","crossedarm_walk"
"12/04/2018","14:59:08","Moni","crossedarm_walk"
"12/04/2018","15:02:59","Moni","crossedarm_walk"
"12/04/2018","15:27:17","Morami","crossedarm_walk"
"13/04/2018","12:17:37","Morami","crossedarm_walk"
"13/04/2018","12:24:44","Morami","crossedarm_walk"
"13/04/2018","12:25:42","Moni","crossedarm_walk"
"13/04/2018","12:29:20","Moni","crossedarm_walk"
"13/04/2018","12:30:33","Moni","crossedarm_walk"
"13/04/2018","12:31:02","Roosje","crossedarm_walk"
"13/04/2018","12:42:12","Morami","crossedarm_walk"
"13/04/2018","12:43:47","Roosje","crossedarm_walk"
"13/04/2018","12:46:02","Morami","crossedarm_walk"
"13/04/2018","12:46:33","Moniek","crossedarm_walk"
"13/04/2018","12:47:49","Morami","crossedarm_walk"
"13/04/2018","12:56:54","Moniek","crossedarm_walk"
"13/04/2018","13:14:49","Moniek","crossedarm_walk"
"13/04/2018","13:18:53","Moni","crossedarm_walk"
"16/04/2018","10:56:12","Moni","crossedarm_walk"
"17/04/2018","09:21:56","Morami","crossedarm_walk"
"17/04/2018","09:24:21","Morami","crossedarm_walk"
"24/04/2018","14:11:54","Morami","crossedarm_walk"
"24/04/2018","14:12:35","Moniek","crossedarm_walk"
"24/04/2018","14:12:48","Roosje","crossedarm_walk"
"24/04/2018","14:14:15","Tushi","crossedarm_walk"
"24/04/2018","14:14:44","Moniek","crossedarm_walk"
"24/04/2018","14:14:51","Raimee","crossedarm_walk"
"24/04/2018","14:16:24","Morami","crossedarm_walk"
"24/04/2018","14:17:48","Tushi","crossedarm_walk"
"24/04/2018","14:22:54","Morami","crossedarm_walk"
"24/04/2018","14:30:29","Morami","crossedarm_walk"
"24/04/2018","14:31:26","Morami","crossedarm_walk"
"24/04/2018","14:33:26","Morami","crossedarm_walk"
"24/04/2018","15:09:32","Morami","crossedarm_walk"
"24/04/2018","15:14:01","Morami","crossedarm_walk"
"24/04/2018","15:14:54","Moni","crossedarm_walk"
"26/04/2018","16:07:44","Morami","crossedarm_walk"
"26/04/2018","16:11:55","Morami","crossedarm_walk"
"26/04/2018","16:15:37","Morami","crossedarm_walk"
"30/04/2018","15:35:51","Morami","crossedarm_walk"
"30/04/2018","15:44:12","Moniek","crossedarm_walk"
"30/04/2018","16:08:36","Moniek","crossedarm_walk"
"01/05/2018","14:01:36","Moni","crossedarm_walk"
"01/05/2018","14:54:37","Moniek","crossedarm_walk"
"01/05/2018","14:59:28","Moni","crossedarm_walk"
"01/05/2018","15:02:29","Moniek","crossedarm_walk"
"03/05/2018","09:12:00","Moniek","crossedarm_walk"
"03/05/2018","09:15:29","Moniek","crossedarm_walk"
"03/05/2018","09:18:19","Tushi","crossedarm_walk"
"03/05/2018","09:30:12","Morami","crossedarm_walk"
"03/05/2018","09:37:57","Moniek","crossedarm_walk"
"03/05/2018","10:19:47","Moniek","crossedarm_walk"
"03/05/2018","10:27:25","Moniek","crossedarm_walk"
"15/05/2018","12:51:45","Morami","crossedarm_walk"
"24/05/2018","10:40:38","Morami","crossedarm_walk"
"25/05/2018","11:03:06","Morami","crossedarm_walk"
"20/11/2017","12:03:08","Moniek","head-shake"
"20/11/2017","12:06:28","Giambo","head-shake"
"20/11/2017","12:59:51","Giambo","head-shake"
"20/11/2017","13:01:18","Tushi","head-shake"
"20/11/2017","13:01:28","Tushi","head-shake"
"21/11/2017","10:05:47","Giambo","head-shake"
"21/11/2017","10:07:35","Giambo","head-shake"
"23/11/2017","10:31:11","Giambo","head-shake"
"23/11/2017","10:49:43","Giambo","head-shake"
"23/11/2017","10:55:07","Giambo","head-shake"
"23/11/2017","10:59:47","Giambo","head-shake"
"23/11/2017","11:01:56","Moni","head-shake"
"23/11/2017","11:29:40","Giambo","head-shake"
"23/11/2017","11:30:54","Erika","head-shake"
"23/11/2017","11:41:06","Giambo","head-shake"
"23/11/2017","11:42:00","Giambo","head-shake"
"23/11/2017","11:42:11","Giambo","head-shake"
"24/11/2017","13:59:14","Tesua","head-shake"
"24/11/2017","14:00:19","Giambo","head-shake"
"24/11/2017","14:01:50","Giambo","head-shake"
"24/11/2017","14:06:07","Giambo","head-shake"
"24/11/2017","14:06:38","Giambo","head-shake"
"24/11/2017","14:07:08","Giambo","head-shake"
"24/11/2017","14:09:47","Giambo","head-shake"
"24/11/2017","14:11:21","Jimmie","head-shake"
"24/11/2017","14:12:30","Giambo","head-shake"
"24/11/2017","14:13:24","Giambo","head-shake"
"24/11/2017","14:14:34","Giambo","head-shake"
"24/11/2017","14:19:03","Giambo","head-shake"
"24/11/2017","14:27:36","Giambo","head-shake"
"24/11/2017","14:41:15","Giambo","head-shake"
"24/11/2017","14:48:47","Giambo","head-shake"
"24/11/2017","14:57:31","Giambo","head-shake"
"24/11/2017","14:58:56","Giambo","head-shake"
"27/11/2017","15:49:14","Giambo","head-shake"
"28/11/2017","13:43:10","Giambo","head-shake"
"28/11/2017","14:16:25","Giambo","head-shake"
"30/11/2017","12:14:34","Giambo","head-shake"
"30/11/2017","12:18:37","Giambo","head-shake"
"01/12/2017","09:55:18","Giambo","head-shake"
"01/12/2017","10:04:13","Morami","head-shake"
"01/12/2017","10:07:57","Moniek","head-shake"
"01/12/2017","11:10:38","Giambo","head-shake"
"04/12/2017","09:39:54","Ghineau","head-shake"
"04/12/2017","09:44:51","Moniek","head-shake"
"04/12/2017","09:45:50","Giambo","head-shake"
"04/12/2017","09:47:12","Moniek","head-shake"
"04/12/2017","09:54:11","Tushi","head-shake"
"04/12/2017","09:55:21","Tushi","head-shake"
"04/12/2017","09:55:29","Tushi","head-shake"
"04/12/2017","10:21:26","Giambo","head-shake"
"07/12/2017","09:40:40","Giambo","head-shake"
"07/12/2017","09:44:37","Giambo","head-shake"
"07/12/2017","09:55:33","Giambo","head-shake"
"07/12/2017","10:25:49","Giambo","head-shake"
"08/12/2017","13:24:44","Moniek","head-shake"
"08/12/2017","13:24:53","Moniek","head-shake"
"08/12/2017","13:29:40","Tushi","head-shake"
"08/12/2017","13:50:52","Giambo","head-shake"
"08/12/2017","13:57:00","Moniek","head-shake"
"08/12/2017","13:57:42","Moniek","head-shake"
"08/12/2017","13:58:14","Moniek","head-shake"
"11/12/2017","11:41:10","Raimee","head-shake"
"11/12/2017","11:43:49","Giambo","head-shake"
"12/12/2017","13:29:30","Giambo","head-shake"
"12/12/2017","13:42:23","Giambo","head-shake"
"12/12/2017","13:43:03","Giambo","head-shake"
"12/12/2017","13:44:21","Giambo","head-shake"
"12/12/2017","13:46:12","Giambo","head-shake"
"12/12/2017","13:50:05","Giambo","head-shake"
"12/12/2017","14:27:18","Moniek","head-shake"
"12/12/2017","14:34:05","Moniek","head-shake"
"12/12/2017","14:34:11","Moniek","head-shake"
"12/12/2017","14:34:29","Moniek","head-shake"
"12/12/2017","14:34:36","Moniek","head-shake"
"12/12/2017","14:34:42","Moniek","head-shake"
"15/12/2017","09:51:18","Giambo","head-shake"
"15/12/2017","10:03:27","Giambo","head-shake"
"15/12/2017","10:13:33","Giambo","head-shake"
"15/12/2017","10:22:26","Giambo","head-shake"
"15/12/2017","11:11:00","Giambo","head-shake"
"08/01/2018","11:05:36","Jing","head-shake"
"08/01/2018","11:57:57","Moniek","head-shake"
"08/01/2018","12:05:15","Moniek","head-shake"
"08/01/2018","12:13:47","Moniek","head-shake"
"09/01/2018","14:32:37","Giambo","head-shake"
"09/01/2018","15:04:05","Giambo","head-shake"
"09/01/2018","15:36:00","Giambo","head-shake"
"09/01/2018","15:44:37","Giambo","head-shake"
"09/01/2018","15:48:54","Giambo","head-shake"
"09/01/2018","15:49:23","Giambo","head-shake"
"09/01/2018","15:55:23","Giambo","head-shake"
"09/01/2018","15:58:11","Giambo","head-shake"
"11/01/2018","12:08:56","Tushi","head-shake"
"11/01/2018","12:16:18","Giambo","head-shake"
"11/01/2018","12:23:57","Giambo","head-shake"
"11/01/2018","12:39:28","Moniek","head-shake"
"11/01/2018","12:40:59","Moniek","head-shake"
"11/01/2018","12:41:54","Moniek","head-shake"
"11/01/2018","12:43:24","Moniek","head-shake"
"11/01/2018","12:46:21","Moniek","head-shake"
"11/01/2018","12:48:41","Moniek","head-shake"
"11/01/2018","13:01:50","Fons","head-shake"
"12/01/2018","13:44:00","Giambo","head-shake"
"12/01/2018","14:05:22","Gaby","head-shake"
"12/01/2018","14:38:02","Giambo","head-shake"
"12/01/2018","14:38:14","Giambo","head-shake"
"12/01/2018","14:45:51","Giambo","head-shake"
"15/01/2018","14:49:39","Giambo","head-shake"
"15/01/2018","15:38:44","Moni","head-shake"
"15/01/2018","15:48:11","Moniek","head-shake"
"15/01/2018","15:52:28","Jing","head-shake"
"15/01/2018","15:57:22","Giambo","head-shake"
"15/01/2018","15:57:26","Giambo","head-shake"
"16/01/2018","11:01:24","Giambo","head-shake"
"16/01/2018","11:01:27","Giambo","head-shake"
"16/01/2018","11:25:20","Gaby","head-shake"
"16/01/2018","11:25:32","Moniek","head-shake"
"16/01/2018","11:59:50","Raimee","head-shake"
"16/01/2018","12:18:56","Gaby","head-shake"
"16/01/2018","12:19:13","Gaby","head-shake"
"16/01/2018","12:21:50","Gaby","head-shake"
"16/01/2018","12:21:58","Gaby","head-shake"
"16/01/2018","12:22:43","Gaby","head-shake"
"16/01/2018","12:29:38","Giambo","head-shake"
"18/01/2018","10:16:43","Giambo","head-shake"
"18/01/2018","10:30:58","Tesua","head-shake"
"19/01/2018","12:59:16","Giambo","head-shake"
"19/01/2018","13:01:10","Giambo","head-shake"
"19/01/2018","13:09:03","Moniek","head-shake"
"19/01/2018","13:17:50","Moniek","head-shake"
"19/01/2018","13:17:58","Moniek","head-shake"
"19/01/2018","13:36:44","Moniek","head-shake"
"19/01/2018","13:37:59","Moniek","head-shake"
"19/01/2018","13:38:30","Moniek","head-shake"
"19/01/2018","14:12:27","Giambo","head-shake"
"19/01/2018","14:15:16","Giambo","head-shake"
"19/01/2018","14:17:48","Giambo","head-shake"
"22/01/2018","13:24:51","Giambo","head-shake"
"22/01/2018","13:59:29","Giambo","head-shake"
"22/01/2018","14:03:02","Giambo","head-shake"
"22/01/2018","14:09:59","Giambo","head-shake"
"22/01/2018","14:19:42","Tushi","head-shake"
"22/01/2018","14:33:10","Giambo","head-shake"
"22/01/2018","14:42:45","Moniek","head-shake"
"23/01/2018","11:59:00","Giambo","head-shake"
"25/01/2018","14:44:27","Giambo","head-shake"
"25/01/2018","14:51:36","Moniek","head-shake"
"25/01/2018","14:55:06","Giambo","head-shake"
"25/01/2018","15:33:35","Giambo","head-shake"
"25/01/2018","15:47:19","Moniek","head-shake"
"25/01/2018","15:49:38","Moniek","head-shake"
"25/01/2018","15:50:47","Moniek","head-shake"
"25/01/2018","15:52:36","Moniek","head-shake"
"25/01/2018","15:53:34","Moniek","head-shake"
"25/01/2018","15:54:32","Moniek","head-shake"
"25/01/2018","15:54:55","Moniek","head-shake"
"26/01/2018","09:46:33","Giambo","head-shake"
"01/02/2018","11:23:10","Giambo","head-shake"
"06/02/2018","10:47:09","Tesua","head-shake"
"06/02/2018","11:07:53","Giambo","head-shake"
"06/02/2018","11:22:59","Tesua","head-shake"
"06/02/2018","11:37:18","Giambo","head-shake"
"06/02/2018","11:39:38","Raimee","head-shake"
"08/02/2018","12:15:00","Moniek","head-shake"
"13/02/2018","14:19:48","Giambo","head-shake"
"15/02/2018","11:57:51","Giambo","head-shake"
"15/02/2018","12:15:29","Moniek","head-shake"
"16/02/2018","09:37:25","Giambo","head-shake"
"16/02/2018","09:46:14","Giambo","head-shake"
"20/02/2018","12:34:47","Giambo","head-shake"
"22/02/2018","12:19:24","Giambo","head-shake"
"22/02/2018","12:40:46","Giambo","head-shake"
"22/02/2018","12:45:01","Giambo","head-shake"
"23/02/2018","14:04:07","Giambo","head-shake"
"26/02/2018","14:59:58","Giambo","head-shake"
"26/02/2018","15:00:05","Giambo","head-shake"
"26/02/2018","15:05:53","Giambo","head-shake"
"26/02/2018","15:08:16","Giambo","head-shake"
"27/02/2018","09:24:53","Moniek","head-shake"
"27/02/2018","09:26:58","Geisha","head-shake"
"27/02/2018","09:33:34","Moniek","head-shake"
"27/02/2018","09:41:34","Giambo","head-shake"
"27/02/2018","10:16:52","Giambo","head-shake"
"27/02/2018","10:26:29","Giambo","head-shake"
"01/03/2018","11:47:31","Giambo","head-shake"
"01/03/2018","11:47:52","Erika","head-shake"
"05/03/2018","14:10:00","Giambo","head-shake"
"05/03/2018","14:15:43","Giambo","head-shake"
"05/03/2018","14:26:13","Giambo","head-shake"
"05/03/2018","14:38:09","Giambo","head-shake"
"06/03/2018","10:54:16","Giambo","head-shake"
"06/03/2018","11:10:45","Giambo","head-shake"
"06/03/2018","11:17:29","Moniek","head-shake"
"06/03/2018","11:17:48","Moniek","head-shake"
"06/03/2018","11:17:57","Moniek","head-shake"
"06/03/2018","11:18:06","Moniek","head-shake"
"06/03/2018","11:18:18","Erika","head-shake"
"06/03/2018","11:18:29","Moniek","head-shake"
"06/03/2018","11:21:02","Erika","head-shake"
"06/03/2018","11:21:28","Morami","head-shake"
"06/03/2018","11:29:52","Morami","head-shake"
"06/03/2018","11:36:17","Moniek","head-shake"
"06/03/2018","11:42:30","Giambo","head-shake"
"08/03/2018","13:49:01","Gaby","head-shake"
"12/03/2018","11:51:12","Moniek","head-shake"
"12/03/2018","11:52:29","Moniek","head-shake"
"13/03/2018","13:22:56","Moniek","head-shake"
"13/03/2018","14:09:43","Giambo","head-shake"
"13/03/2018","14:24:27","Moniek","head-shake"
"20/03/2018","12:00:54","Raimee","head-shake"
"20/03/2018","12:08:19","Giambo","head-shake"
"22/03/2018","13:17:28","Moniek","head-shake"
"23/03/2018","14:03:52","Giambo","head-shake"
"23/03/2018","14:25:06","Morami","head-shake"
"23/03/2018","14:26:22","Giambo","head-shake"
"23/03/2018","14:37:18","Moniek","head-shake"
"23/03/2018","14:40:00","Giambo","head-shake"
"23/03/2018","14:53:16","Giambo","head-shake"
"23/03/2018","15:16:57","Giambo","head-shake"
"23/03/2018","15:24:25","Moniek","head-shake"
"26/03/2018","14:47:09","Fons","head-shake"
"26/03/2018","15:13:12","Moniek","head-shake"
"26/03/2018","15:45:15","Giambo","head-shake"
"26/03/2018","15:55:03","Moniek","head-shake"
"26/03/2018","15:56:05","Tesua","head-shake"
"27/03/2018","11:43:53","Fons","head-shake"
"27/03/2018","11:59:56","Erika","head-shake"
"27/03/2018","12:09:30","Jimmie","head-shake"
"27/03/2018","12:43:44","Erika","head-shake"
"03/04/2018","10:58:45","Moni","head-shake"
"03/04/2018","11:07:29","Raimee","head-shake"
"03/04/2018","11:25:06","Tesua","head-shake"
"12/04/2018","14:15:18","Fons","head-shake"
"12/04/2018","14:16:18","Moniek","head-shake"
"12/04/2018","14:17:47","Moniek","head-shake"
"12/04/2018","14:47:22","Moniek","head-shake"
"12/04/2018","14:50:29","Moniek","head-shake"
"16/04/2018","10:31:23","Moniek","head-shake"
"16/04/2018","10:51:45","Moniek","head-shake"
"23/04/2018","12:42:25","Giambo","head-shake"
"24/04/2018","14:09:35","Geisha","head-shake"
"24/04/2018","14:15:27","Fons","head-shake"
"24/04/2018","14:26:44","Giambo","head-shake"
"26/04/2018","16:15:41","Fons","head-shake"
"30/04/2018","16:46:41","Giambo","head-shake"
"01/05/2018","15:06:37","Moniek","head-shake"
"07/05/2018","14:53:45","Tushi","head-shake"
"14/05/2018","14:51:36","Giambo","head-shake"
"22/05/2018","13:02:58","Moniek","head-shake"
"20/11/2017","12:04:56","Fons","coprophagy"
"20/11/2017","12:22:25","Geisha","coprophagy"
"20/11/2017","12:24:29","Geisha","coprophagy"
"20/11/2017","13:22:09","Morami","coprophagy"
"20/11/2017","13:23:10","Jing","coprophagy"
"20/11/2017","13:26:17","Morami","coprophagy"
"20/11/2017","13:28:13","Roosje","coprophagy"
"20/11/2017","13:28:28","Fons","coprophagy"
"20/11/2017","13:28:39","Morami","coprophagy"
"21/11/2017","10:04:04","Fons","coprophagy"
"21/11/2017","10:16:55","Roosje","coprophagy"
"21/11/2017","10:25:38","Morami","coprophagy"
"21/11/2017","10:49:40","Roosje","coprophagy"
"21/11/2017","10:55:30","Roosje","coprophagy"
"21/11/2017","11:00:27","Roosje","coprophagy"
"21/11/2017","11:11:01","Giambo","coprophagy"
"23/11/2017","10:31:46","Giambo","coprophagy"
"11/12/2017","11:10:36","Tesua","coprophagy"
"23/11/2017","10:42:21","Roosje","coprophagy"
"23/11/2017","10:48:36","Raimee","coprophagy"
"23/11/2017","10:58:39","Fons","coprophagy"
"23/11/2017","11:01:17","Geisha","coprophagy"
"23/11/2017","11:23:10","Giambo","coprophagy"
"23/11/2017","11:38:45","Jing","coprophagy"
"23/11/2017","11:40:51","Fons","coprophagy"
"23/11/2017","11:43:49","Roosje","coprophagy"
"23/11/2017","11:44:27","Fons","coprophagy"
"23/11/2017","11:52:08","Morami","coprophagy"
"12/12/2017","13:27:26","Tesua","coprophagy"
"24/11/2017","14:01:07","Jimmie","coprophagy"
"24/11/2017","14:28:36","Raimee","coprophagy"
"24/11/2017","14:44:18","Jing","coprophagy"
"24/11/2017","14:49:03","Moniek","coprophagy"
"24/11/2017","14:51:01","Jing","coprophagy"
"24/11/2017","14:51:13","Morami","coprophagy"
"24/11/2017","14:51:20","Moniek","coprophagy"
"24/11/2017","14:51:58","Fons","coprophagy"
"24/11/2017","14:52:09","Geisha","coprophagy"
"24/11/2017","14:58:27","Gaby","coprophagy"
"27/11/2017","14:30:35","Gaby","coprophagy"
"27/11/2017","14:32:29","Raimee","coprophagy"
"27/11/2017","14:32:55","Moniek","coprophagy"
"27/11/2017","14:36:44","Gaby","coprophagy"
"27/11/2017","15:02:55","Erika","coprophagy"
"27/11/2017","15:09:07","Erika","coprophagy"
"09/01/2018","14:37:36","Tesua","manipulate-feces"
"27/11/2017","15:33:32","Gaby","coprophagy"
"27/11/2017","15:42:46","Morami","coprophagy"
"27/11/2017","15:46:40","Moniek","coprophagy"
"27/11/2017","15:48:11","Giambo","coprophagy"
"27/11/2017","15:51:47","Moniek","coprophagy"
"28/11/2017","13:01:56","Tushi","coprophagy"
"28/11/2017","13:16:01","Morami","coprophagy"
"28/11/2017","13:17:41","Giambo","coprophagy"
"28/11/2017","13:19:44","Fons","coprophagy"
"28/11/2017","13:23:24","Morami","coprophagy"
"28/11/2017","13:44:24","Erika","coprophagy"
"28/11/2017","13:47:56","Gaby","coprophagy"
"28/11/2017","13:48:16","Erika","coprophagy"
"30/11/2017","11:19:05","Roosje","coprophagy"
"30/11/2017","11:19:30","Jing","coprophagy"
"30/11/2017","11:46:15","Morami","coprophagy"
"30/11/2017","12:18:08","Morami","coprophagy"
"30/11/2017","12:18:29","Jing","coprophagy"
"30/11/2017","12:20:12","Fons","coprophagy"
"30/11/2017","12:26:21","Morami","coprophagy"
"01/12/2017","10:53:39","Fons","coprophagy"
"01/12/2017","10:57:23","Giambo","coprophagy"
"01/12/2017","10:59:27","Roosje","coprophagy"
"01/12/2017","10:59:33","Giambo","coprophagy"
"01/12/2017","10:59:37","Fons","coprophagy"
"08/12/2017","13:00:53","Jing","coprophagy"
"08/12/2017","13:02:34","Fons","coprophagy"
"08/12/2017","13:37:02","Fons","coprophagy"
"08/12/2017","13:38:19","Fons","coprophagy"
"08/12/2017","13:39:02","Gaby","coprophagy"
"11/01/2018","13:14:39","Tesua","manipulate-feces"
"11/12/2017","11:21:39","Gaby","coprophagy"
"11/12/2017","11:24:47","Tushi","coprophagy"
"11/12/2017","11:26:37","Gaby","coprophagy"
"11/12/2017","11:32:00","Giambo","coprophagy"
"11/12/2017","11:36:36","Roosje","coprophagy"
"11/12/2017","11:37:26","Fons","coprophagy"
"11/12/2017","11:37:35","Ghineau","coprophagy"
"11/12/2017","11:38:10","Raimee","coprophagy"
"11/12/2017","11:38:16","Giambo","coprophagy"
"11/12/2017","11:38:31","Erika","coprophagy"
"11/12/2017","11:41:57","Ghineau","coprophagy"
"11/12/2017","11:42:26","Roosje","coprophagy"
"11/12/2017","11:46:37","Fons","coprophagy"
"11/12/2017","12:06:34","Morami","coprophagy"
"12/12/2017","13:13:00","Fons","coprophagy"
"12/12/2017","13:21:18","Morami","coprophagy"
"12/12/2017","13:23:21","Moniek","coprophagy"
"12/12/2017","13:23:41","Raimee","coprophagy"
"12/12/2017","13:25:20","Roosje","coprophagy"
"12/12/2017","13:27:04","Raimee","coprophagy"
"12/01/2018","15:09:51","Tesua","coprophagy"
"12/12/2017","13:28:14","Fons","coprophagy"
"12/12/2017","13:29:46","Tushi","coprophagy"
"12/12/2017","13:31:26","Moniek","coprophagy"
"12/12/2017","13:31:35","Raimee","coprophagy"
"12/12/2017","13:34:36","Giambo","coprophagy"
"12/12/2017","13:40:14","Gaby","coprophagy"
"12/12/2017","13:42:37","Roosje","coprophagy"
"12/12/2017","13:49:12","Fons","coprophagy"
"12/12/2017","14:18:03","Erika","coprophagy"
"14/12/2017","11:34:11","Jing","coprophagy"
"14/12/2017","12:05:32","Fons","coprophagy"
"14/12/2017","12:19:31","Roosje","coprophagy"
"08/01/2018","10:53:10","Jing","coprophagy"
"08/01/2018","10:56:40","Jing","coprophagy"
"08/01/2018","10:56:48","Fons","coprophagy"
"09/01/2018","14:35:41","Fons","coprophagy"
"09/01/2018","14:37:07","Moniek","coprophagy"
"09/01/2018","14:38:22","Fons","coprophagy"
"09/01/2018","14:38:25","Morami","coprophagy"
"09/01/2018","14:48:24","Fons","coprophagy"
"09/01/2018","15:02:20","Gaby","coprophagy"
"09/01/2018","15:33:18","Giambo","coprophagy"
"09/01/2018","15:35:53","Tushi","coprophagy"
"09/01/2018","15:44:57","Moniek","coprophagy"
"09/01/2018","15:58:07","Roosje","coprophagy"
"11/01/2018","13:05:34","Fons","coprophagy"
"11/01/2018","13:14:07","Jing","coprophagy"
"12/01/2018","13:43:33","Morami","coprophagy"
"12/01/2018","14:19:12","Jing","coprophagy"
"12/01/2018","14:25:02","Fons","coprophagy"
"12/01/2018","15:02:52","Jing","coprophagy"
"19/01/2018","14:15:04","Tesua","coprophagy"
"15/01/2018","14:30:58","Fons","coprophagy"
"15/01/2018","14:42:57","Jing","coprophagy"
"15/01/2018","14:43:01","Morami","coprophagy"
"15/01/2018","15:19:18","Tushi","coprophagy"
"15/01/2018","15:19:30","Gaby","coprophagy"
"15/01/2018","15:55:18","Fons","coprophagy"
"18/01/2018","10:22:41","Roosje","coprophagy"
"18/01/2018","10:25:08","Tushi","coprophagy"
"19/01/2018","13:05:28","Morami","coprophagy"
"19/01/2018","13:05:58","Moniek","coprophagy"
"19/01/2018","13:06:02","Roosje","coprophagy"
"19/01/2018","13:08:56","Gaby","coprophagy"
"19/01/2018","13:09:27","Jing","coprophagy"
"19/01/2018","13:31:46","Tushi","coprophagy"
"19/01/2018","13:37:39","Tushi","coprophagy"
"19/01/2018","13:39:58","Moniek","coprophagy"
"19/01/2018","13:57:23","Morami","coprophagy"
"19/01/2018","14:02:38","Morami","coprophagy"
"19/01/2018","14:14:20","Fons","coprophagy"
"19/01/2018","14:14:25","Jing","coprophagy"
"25/01/2018","15:49:11","Tesua","coprophagy"
"22/01/2018","13:26:06","Fons","coprophagy"
"22/01/2018","13:26:38","Jing","coprophagy"
"22/01/2018","13:27:54","Tushi","coprophagy"
"22/01/2018","13:29:37","Gaby","coprophagy"
"22/01/2018","14:27:39","Morami","coprophagy"
"22/01/2018","14:36:24","Giambo","coprophagy"
"23/01/2018","11:56:05","Gaby","coprophagy"
"23/01/2018","11:59:39","Roosje","coprophagy"
"23/01/2018","12:01:56","Gaby","coprophagy"
"23/01/2018","12:02:44","Roosje","coprophagy"
"23/01/2018","12:07:06","Gaby","coprophagy"
"23/01/2018","12:20:01","Roosje","coprophagy"
"23/01/2018","12:24:27","Roosje","coprophagy"
"23/01/2018","12:36:27","Tushi","coprophagy"
"23/01/2018","12:42:22","Morami","coprophagy"
"25/01/2018","14:41:09","Jing","coprophagy"
"25/01/2018","15:10:46","Gaby","coprophagy"
"25/01/2018","15:35:03","Morami","coprophagy"
"25/01/2018","15:41:20","Tushi","coprophagy"
"08/02/2018","12:16:40","Tesua","manipulate-feces"
"01/02/2018","11:18:01","Roosje","coprophagy"
"06/02/2018","10:30:25","Fons","coprophagy"
"06/02/2018","11:06:47","Roosje","coprophagy"
"06/02/2018","11:30:42","Jing","coprophagy"
"06/02/2018","11:36:04","Giambo","coprophagy"
"06/02/2018","11:43:44","Gaby","coprophagy"
"08/02/2018","12:01:05","Fons","coprophagy"
"08/02/2018","12:11:37","Roosje","coprophagy"
"08/02/2018","12:12:00","Geisha","coprophagy"
"08/02/2018","12:19:33","Tesua","coprophagy"
"08/02/2018","12:22:47","Morami","coprophagy"
"08/02/2018","13:14:32","Geisha","coprophagy"
"08/02/2018","13:20:29","Jing","coprophagy"
"08/02/2018","13:21:22","Fons","coprophagy"
"08/02/2018","13:23:09","Gaby","coprophagy"
"08/02/2018","13:23:27","Tushi","coprophagy"
"08/02/2018","13:27:52","Fons","coprophagy"
"08/02/2018","13:28:06","Gaby","coprophagy"
"08/02/2018","13:29:49","Morami","coprophagy"
"13/02/2018","13:24:49","Fons","coprophagy"
"13/02/2018","13:30:59","Morami","coprophagy"
"13/02/2018","13:34:22","Tushi","coprophagy"
"13/02/2018","13:35:21","Raimee","coprophagy"
"13/02/2018","13:36:06","Tushi","coprophagy"
"13/02/2018","13:44:51","Moniek","coprophagy"
"13/02/2018","13:51:50","Moniek","coprophagy"
"13/02/2018","14:21:17","Fons","coprophagy"
"15/02/2018","11:41:50","Gaby","coprophagy"
"15/02/2018","12:17:41","Morami","coprophagy"
"16/02/2018","10:57:10","Fons","coprophagy"
"20/02/2018","12:32:52","Roosje","coprophagy"
"20/02/2018","13:15:16","Raimee","coprophagy"
"22/02/2018","13:22:45","Morami","coprophagy"
"22/02/2018","13:27:22","Raimee","coprophagy"
"22/02/2018","13:37:10","Fons","coprophagy"
"23/02/2018","13:47:07","Morami","coprophagy"
"23/02/2018","13:53:02","Gaby","coprophagy"
"23/02/2018","14:46:38","Morami","coprophagy"
"23/02/2018","14:54:42","Tushi","coprophagy"
"26/02/2018","14:52:05","Morami","coprophagy"
"26/02/2018","14:54:28","Fons","coprophagy"
"26/02/2018","14:55:34","Morami","coprophagy"
"26/02/2018","15:01:16","Geisha","coprophagy"
"26/02/2018","15:06:00","Jing","coprophagy"
"26/02/2018","15:07:45","Gaby","coprophagy"
"26/02/2018","15:36:26","Moni","coprophagy"
"02/03/2018","09:35:25","Moniek","coprophagy"
"05/03/2018","13:46:34","Morami","coprophagy"
"05/03/2018","13:48:53","Gaby","coprophagy"
"05/03/2018","14:03:57","Giambo","coprophagy"
"05/03/2018","14:23:43","Gaby","coprophagy"
"05/03/2018","14:26:37","Moniek","coprophagy"
"06/03/2018","10:32:36","Fons","coprophagy"
"06/03/2018","10:40:41","Jing","coprophagy"
"06/03/2018","11:37:21","Morami","coprophagy"
"09/03/2018","10:00:37","Roosje","coprophagy"
"13/03/2018","13:16:19","Jimmie","coprophagy"
"13/03/2018","13:23:11","Tesua","coprophagy"
"13/03/2018","13:58:12","Roosje","coprophagy"
"20/03/2018","11:45:55","Jing","coprophagy"
"23/03/2018","14:22:21","Roosje","coprophagy"
"23/03/2018","14:28:13","Roosje","coprophagy"
"23/03/2018","14:29:43","Moniek","coprophagy"
"23/03/2018","14:41:53","Tesua","coprophagy"
"23/03/2018","14:43:11","Roosje","coprophagy"
"23/03/2018","15:12:14","Morami","coprophagy"
"23/03/2018","15:27:29","Tushi","coprophagy"
"23/03/2018","15:28:03","Gaby","coprophagy"
"26/03/2018","14:38:13","Geisha","coprophagy"
"26/03/2018","14:39:31","Tesua","coprophagy"
"26/03/2018","14:59:56","Fons","coprophagy"
"26/03/2018","15:18:07","Morami","coprophagy"
"26/03/2018","15:57:11","Moniek","coprophagy"
"27/03/2018","11:57:45","Fons","coprophagy"
"27/03/2018","12:42:07","Morami","coprophagy"
"27/03/2018","12:43:03","Moni","coprophagy"
"29/03/2018","13:12:57","Fons","coprophagy"
"29/03/2018","13:39:46","Morami","coprophagy"
"03/04/2018","11:33:49","Moniek","coprophagy"
"03/04/2018","11:34:19","Fons","coprophagy"
"05/04/2018","13:09:26","Morami","coprophagy"
"06/04/2018","14:07:07","Fons","coprophagy"
"09/04/2018","15:38:10","Gaby","coprophagy"
"09/04/2018","16:10:44","Tushi","coprophagy"
"09/04/2018","16:11:00","Gaby","coprophagy"
"09/04/2018","16:26:58","Jing","coprophagy"
"09/04/2018","16:36:12","Moniek","coprophagy"
"09/04/2018","16:36:48","Jimmie","coprophagy"
"09/04/2018","16:37:31","Jing","coprophagy"
"10/04/2018","16:07:30","Moni","coprophagy"
"12/04/2018","15:03:58","Fons","coprophagy"
"13/04/2018","12:55:55","Fons","coprophagy"
"13/04/2018","13:00:52","Gaby","coprophagy"
"16/04/2018","11:18:18","Morami","coprophagy"
"16/04/2018","11:23:51","Fons","coprophagy"
"20/04/2018","10:52:27","Gaby","coprophagy"
"20/04/2018","11:11:25","Jing","coprophagy"
"20/04/2018","11:41:34","Fons","coprophagy"
"20/04/2018","11:46:26","Fons","coprophagy"
"23/04/2018","12:12:02","Fons","coprophagy"
"23/04/2018","12:13:38","Fons","coprophagy"
"23/04/2018","12:18:21","Fons","coprophagy"
"23/04/2018","13:05:02","Roosje","coprophagy"
"23/04/2018","13:15:36","Jing","coprophagy"
"24/04/2018","13:48:27","Moniek","coprophagy"
"24/04/2018","13:56:02","Raimee","coprophagy"
"24/04/2018","14:16:54","Tesua","coprophagy"
"24/04/2018","14:25:00","Morami","coprophagy"
"24/04/2018","14:27:01","Erika","coprophagy"
"26/04/2018","16:00:58","Fons","coprophagy"
"26/04/2018","16:03:25","Moniek","coprophagy"
"26/04/2018","16:04:27","Moniek","coprophagy"
"26/04/2018","16:08:26","Morami","coprophagy"
"26/04/2018","16:38:07","Fons","coprophagy"
"26/04/2018","16:40:50","Erika","coprophagy"
"26/04/2018","16:41:42","Erika","coprophagy"
"30/04/2018","15:53:40","Morami","coprophagy"
"30/04/2018","16:02:44","Gaby","coprophagy"
"30/04/2018","16:07:30","Morami","coprophagy"
"30/04/2018","16:46:54","Erika","coprophagy"
"30/04/2018","16:58:12","Gaby","coprophagy"
"04/05/2018","12:23:09","Fons","coprophagy"
"08/05/2018","15:47:17","Fons","coprophagy"
"08/05/2018","16:39:27","Jimmie","coprophagy"
"08/05/2018","16:50:41","Fons","coprophagy"
"08/05/2018","16:50:45","Jing","coprophagy"
"11/05/2018","12:46:08","Morami","coprophagy"
"11/05/2018","13:16:33","Jing","coprophagy"
"11/05/2018","13:17:07","Jing","coprophagy"
"11/05/2018","13:24:10","Raimee","coprophagy"
"14/05/2018","14:46:24","Fons","coprophagy"
"15/05/2018","12:46:58","Geisha","coprophagy"
"15/05/2018","12:52:14","Jing","coprophagy"
"15/05/2018","13:05:54","Moniek","coprophagy"
"15/05/2018","13:06:03","Gaby","coprophagy"
"18/05/2018","15:57:54","Jing","coprophagy"
"18/05/2018","16:21:34","Fons","coprophagy"
"18/05/2018","16:26:41","Raimee","coprophagy"
"22/05/2018","12:32:55","Gaby","coprophagy"
"22/05/2018","13:25:21","Fons","coprophagy"
"22/05/2018","13:25:52","Jing","coprophagy"
"25/05/2018","10:24:03","Fons","coprophagy"
"28/05/2018","12:05:34","Raimee","coprophagy"
"21/11/2017","10:08:56","Moniek","clap"
"28/11/2017","14:10:23","Moniek","clap"
"28/11/2017","14:13:43","Moniek","clap"
"28/11/2017","14:15:10","Moniek","clap"
"01/12/2017","09:47:55","Moniek","clap"
"07/12/2017","09:14:09","Moniek","clap"
"07/12/2017","09:24:13","Moniek","clap"
"07/12/2017","10:08:12","Geisha","clap"
"14/12/2017","11:27:46","Tushi","clap"
"16/01/2018","11:29:49","Moniek","clap"
"16/01/2018","11:36:34","Moniek","clap"
"16/01/2018","11:37:33","Moniek","clap"
"16/01/2018","11:37:40","Moniek","clap"
"23/01/2018","11:38:10","Moniek","clap"
"23/01/2018","11:38:36","Moniek","clap"
"23/01/2018","11:38:46","Moniek","clap"
"23/01/2018","11:39:41","Moniek","clap"
"16/02/2018","09:39:01","Moniek","clap"
"16/02/2018","09:40:54","Moniek","clap"
"16/02/2018","09:42:07","Moniek","clap"
"16/02/2018","09:42:51","Moniek","clap"
"01/03/2018","11:57:02","Moniek","clap"
"05/03/2018","14:53:41","Moniek","clap"
"09/03/2018","09:57:16","Moniek","clap"
"12/03/2018","12:04:29","Geisha","clap"
"13/03/2018","14:05:37","Moniek","clap"
"27/03/2018","11:36:29","Moniek","clap"
"27/03/2018","12:19:41","Moniek","clap"
"27/03/2018","12:19:44","Moniek","clap"
"27/03/2018","12:21:30","Moniek","clap"
"29/03/2018","13:02:02","Geisha","clap"
"29/03/2018","13:47:24","Moniek","clap"
"30/03/2018","10:50:33","Moniek","clap"
"30/03/2018","10:50:38","Moniek","clap"
"30/03/2018","10:50:42","Moniek","clap"
"30/03/2018","10:51:45","Moniek","clap"
"03/04/2018","10:36:53","Moniek","clap"
"03/04/2018","10:38:03","Moniek","clap"
"03/04/2018","10:47:55","Moniek","clap"
"03/04/2018","11:22:40","Moniek","clap"
"03/04/2018","11:24:10","Moniek","clap"
"03/04/2018","11:24:14","Moniek","clap"
"03/04/2018","11:24:26","Moniek","clap"
"03/04/2018","11:24:58","Moniek","clap"
"03/04/2018","11:26:26","Moniek","clap"
"03/04/2018","11:26:58","Moniek","clap"
"03/04/2018","11:27:30","Moniek","clap"
"13/04/2018","13:18:43","Moniek","clap"
"13/04/2018","13:21:22","Moniek","clap"
"07/05/2018","14:07:54","Gaby","clap"
"17/05/2018","13:55:48","Moniek","clap"
"17/05/2018","13:55:58","Moniek","clap"
"20/11/2017","12:22:14","Raimee","body-manipulation"
"20/11/2017","12:28:28","Moni","body-manipulation"
"21/11/2017","11:23:52","Moni","body-manipulation"
"23/11/2017","10:42:15","Moni","body-manipulation"
"23/11/2017","11:02:27","Moni","body-manipulation"
"23/11/2017","11:06:05","Moni","body-manipulation"
"23/11/2017","11:13:19","Moni","body-manipulation"
"23/11/2017","11:21:11","Moni","body-manipulation"
"23/11/2017","11:22:37","Moni","body-manipulation"
"23/11/2017","11:31:07","Moni","body-manipulation"
"24/11/2017","13:37:12","Moni","body-manipulation"
"24/11/2017","14:01:20","Moni","body-manipulation"
"24/11/2017","14:58:03","Tushi","body-manipulation"
"27/11/2017","15:12:08","Moni","body-manipulation"
"30/11/2017","11:20:15","Moni","body-manipulation"
"30/11/2017","11:23:39","Moni","body-manipulation"
"07/12/2017","10:32:37","Raimee","body-manipulation"
"14/12/2017","11:26:04","Tushi","body-manipulation"
"14/12/2017","11:40:53","Jimmie","body-manipulation"
"14/12/2017","12:16:23","Moni","body-manipulation"
"14/12/2017","12:25:39","Moni","body-manipulation"
"08/01/2018","10:58:47","Roosje","body-manipulation"
"08/01/2018","11:23:24","Moni","body-manipulation"
"08/01/2018","11:33:23","Moni","body-manipulation"
"08/01/2018","11:37:34","Moni","body-manipulation"
"08/01/2018","11:37:46","Tushi","body-manipulation"
"08/01/2018","11:58:37","Moni","body-manipulation"
"11/01/2018","12:22:08","Tushi","body-manipulation"
"11/01/2018","12:50:21","Moniek","body-manipulation"
"11/01/2018","12:50:43","Moniek","body-manipulation"
"16/01/2018","11:22:01","Moni","body-manipulation"
"16/01/2018","11:44:49","Moni","body-manipulation"
"16/01/2018","11:49:21","Moni","body-manipulation"
"16/01/2018","11:53:37","Moni","body-manipulation"
"16/01/2018","11:53:52","Moni","body-manipulation"
"16/01/2018","11:58:19","Moni","body-manipulation"
"16/01/2018","11:59:41","Moni","body-manipulation"
"16/01/2018","12:02:58","Moni","body-manipulation"
"18/01/2018","09:36:51","Moni","body-manipulation"
"18/01/2018","09:37:33","Moni","body-manipulation"
"18/01/2018","10:33:56","Moni","body-manipulation"
"18/01/2018","10:34:41","Moni","body-manipulation"
"19/01/2018","12:57:21","Moni","body-manipulation"
"19/01/2018","14:03:44","Tushi","body-manipulation"
"22/01/2018","13:26:51","Tushi","body-manipulation"
"22/01/2018","14:36:41","Moni","body-manipulation"
"23/01/2018","11:49:15","Moni","body-manipulation"
"23/01/2018","12:41:38","Moniek","body-manipulation"
"25/01/2018","15:03:35","Tesua","body-manipulation"
"25/01/2018","15:39:28","Tesua","body-manipulation"
"25/01/2018","15:56:27","Moni","body-manipulation"
"01/02/2018","11:15:35","Moni","body-manipulation"
"01/02/2018","11:52:54","Moni","body-manipulation"
"06/02/2018","10:30:10","Moni","body-manipulation"
"06/02/2018","11:19:32","Tesua","body-manipulation"
"06/02/2018","11:33:58","Jing","body-manipulation"
"15/02/2018","11:54:37","Moni","body-manipulation"
"15/02/2018","11:56:08","Moni","body-manipulation"
"15/02/2018","11:59:29","Moni","body-manipulation"
"20/02/2018","13:51:39","Moni","body-manipulation"
"22/02/2018","13:23:44","Raimee","body-manipulation"
"23/02/2018","13:51:22","Moni","body-manipulation"
"23/02/2018","14:15:57","Moni","body-manipulation"
"23/02/2018","15:08:40","Moni","body-manipulation"
"26/02/2018","15:33:05","Moni","body-manipulation"
"02/03/2018","10:13:48","Gaby","body-manipulation"
"02/03/2018","10:36:19","Moni","body-manipulation"
"13/03/2018","14:29:15","Moni","body-manipulation"
"22/03/2018","12:31:46","Moni","body-manipulation"
"22/03/2018","12:51:50","Moni","body-manipulation"
"22/03/2018","13:03:35","Moni","body-manipulation"
"23/03/2018","14:52:10","Moni","body-manipulation"
"23/03/2018","15:18:04","Moni","body-manipulation"
"26/03/2018","14:58:01","Moni","body-manipulation"
"27/03/2018","11:36:32","Moniek","body-manipulation"
"27/03/2018","12:19:28","Moniek","body-manipulation"
"27/03/2018","12:19:46","Moniek","body-manipulation"
"27/03/2018","12:21:41","Moniek","body-manipulation"
"29/03/2018","13:52:13","Moni","body-manipulation"
"03/04/2018","10:37:39","Moniek","body-manipulation"
"03/04/2018","10:37:47","Tushi","body-manipulation"
"03/04/2018","11:24:21","Moniek","body-manipulation"
"05/04/2018","12:15:30","Gaby","body-manipulation"
"05/04/2018","12:29:23","Jimmie","body-manipulation"
"09/04/2018","16:10:49","Raimee","body-manipulation"
"10/04/2018","16:29:38","Moni","body-manipulation"
"12/04/2018","15:04:15","Giambo","body-manipulation"
"12/04/2018","15:06:01","Raimee","body-manipulation"
"13/04/2018","13:19:09","Moni","body-manipulation"
"13/04/2018","13:21:27","Moniek","body-manipulation"
"13/04/2018","13:24:40","Moni","body-manipulation"
"16/04/2018","11:12:58","Moniek","body-manipulation"
"16/04/2018","11:15:18","Moniek","body-manipulation"
"16/04/2018","11:29:46","Tushi","body-manipulation"
"24/04/2018","14:21:09","Tesua","body-manipulation"
"24/04/2018","14:27:15","Moni","body-manipulation"
"26/04/2018","16:03:37","Moni","body-manipulation"
"26/04/2018","16:14:37","Moni","body-manipulation"
"26/04/2018","16:15:46","Moni","body-manipulation"
"26/04/2018","16:19:29","Moni","body-manipulation"
"01/05/2018","14:01:39","Moniek","body-manipulation"
"01/05/2018","14:02:05","Moniek","body-manipulation"
"01/05/2018","14:02:22","Moniek","body-manipulation"
"03/05/2018","10:10:38","Moniek","body-manipulation"
"03/05/2018","10:12:05","Tushi","body-manipulation"
"17/05/2018","14:29:48","Moni","body-manipulation"
"18/05/2018","16:19:42","Moni","body-manipulation"
"22/05/2018","12:22:09","Moni","body-manipulation"
"24/05/2018","10:17:57","Moniek","body-manipulation"
"24/05/2018","10:21:09","Moniek","body-manipulation"
"24/05/2018","11:04:17","Raimee","body-manipulation"
"24/05/2018","11:18:15","Raimee","body-manipulation"
"25/05/2018","10:32:21","Moni","body-manipulation"
