"date","time","focalID","behavior"
"2017-11-20","9:39:42","Jing","nothing"
"2017-11-20","9:41:14","Morami","crossedarm_walk"
"2017-11-20","9:41:45","Morami","crossedarm_walk"
"2017-11-20","9:42:37","Morami","crossedarm_walk"
"2017-11-20","9:44:11","Morami","not_visible"
"2017-11-20","9:45:35","Morami","BEHAVIOR_end(not_visible)"
"2017-11-20","9:48:14","Morami","crossedarm_walk"
"2017-11-20","9:58:21","Fons","not_visible"
"2017-11-20","9:58:47","Fons","BEHAVIOR_end(not_visible)"
"2017-11-20","10:07:39","Erika","body_manipulation"
"2017-11-20","10:12:47","Jimmie","not_visible"
"2017-11-20","10:13:53","Jimmie","BEHAVIOR_end(not_visible)"
"2017-11-20","10:25:31","Tushi","self_scratch"
"2017-11-20","10:25:50","Tushi","self_scratch"
"2017-11-20","10:44:37","Raimee","self_scratch"
"2017-11-20","10:45:45","Raimee","self_scratch"
"2017-11-20","10:51:09","Giambo","self_scratch"
"2017-11-20","10:52:31","Giambo","coprophagy"
"2017-11-20","10:53:11","Giambo","manipulate_feces"
"2017-11-20","10:53:35","Giambo","coprophagy"
"2017-11-20","10:55:38","Giambo","head_shake"
"2017-11-20","10:56:03","Giambo","coprophagy"
"2017-11-20","10:57:48","Giambo","head_shake"
"2017-11-20","10:59:16","Giambo","head_shake"
"2017-11-20","10:59:44","Giambo","self_scratch"
"2017-11-20","11:11:17","Moniek","crossedarm_walk"
"2017-11-20","11:11:20","Moniek","head_shake"
"2017-11-20","11:11:32","Moniek","crossedarm_walk"
"2017-11-20","11:12:40","Moniek","crossedarm_walk"
"2017-11-20","11:12:57","Moniek","head_shake"
"2017-11-20","11:15:13","Moniek","head_shake"
"2017-11-20","11:15:39","Moniek","head_shake"
"2017-11-20","11:15:45","Moniek","self_scratch"
"2017-11-20","11:16:06","Moniek","crossedarm_walk"
"2017-11-20","11:30:27","Gaby","nothing"
"2017-11-20","11:40:21","Geisha","nothing"
"2017-11-20","14:41:54","Roosje","pluck"
"2017-11-20","14:52:50","Ghineau","self_scratch"
"2017-11-20","14:55:44","Ghineau","self_scratch"
"2017-11-20","14:55:50","Ghineau","self_scratch"
"2017-11-20","14:56:12","Ghineau","self_scratch"
"2017-11-20","14:56:19","Ghineau","self_scratch"
"2017-11-20","14:56:37","Ghineau","self_scratch"
"2017-11-20","14:56:48","Ghineau","self_scratch"
"2017-11-20","14:57:13","Ghineau","self_scratch"
"2017-11-20","14:58:18","Ghineau","self_scratch"
"2017-11-20","14:58:37","Ghineau","self_scratch"
"2017-11-20","15:00:01","Ghineau","self_scratch"
"2017-11-20","15:02:17","Moni","self_scratch"
"2017-11-20","15:06:31","Moni","self_scratch"
"2017-11-20","15:09:49","Moni","self_scratch"
"2017-11-21","11:50:39","Roosje","nothing"
"2017-11-21","11:59:41","Morami","nothing"
"2017-11-21","12:20:01","Moniek","nothing"
"2017-11-21","12:31:18","Erika","self_scratch"
"2017-11-21","12:32:09","Erika","self_scratch"
"2017-11-21","12:33:21","Erika","self_scratch"
"2017-11-21","12:56:58","Tushi","rock"
"2017-11-21","12:59:14","Tushi","self_scratch"
"2017-11-21","13:00:43","Tushi","rock"
"2017-11-21","13:02:50","Tushi","self_scratch"
"2017-11-21","13:03:32","Tushi","body_manipulation"
"2017-11-21","14:15:28","Fons","manipulate_feces"
"2017-11-21","14:18:02","Fons","coprophagy"
"2017-11-21","14:19:38","Fons","manipulate_feces"
"2017-11-21","14:22:47","Fons","coprophagy"
"2017-11-21","14:26:18","Moni","body_manipulation"
"2017-11-21","14:28:59","Moni","self_scratch"
"2017-11-21","14:29:21","Moni","self_scratch"
"2017-11-21","14:29:36","Moni","self_scratch"
"2017-11-21","14:30:01","Moni","self_scratch"
"2017-11-21","14:30:19","Moni","self_scratch"
"2017-11-21","14:31:46","Moni","self_scratch"
"2017-11-21","14:32:33","Moni","self_scratch"
"2017-11-21","14:33:06","Moni","self_scratch"
"2017-11-21","14:33:38","Moni","self_scratch"
"2017-11-21","14:34:10","Moni","self_scratch"
"2017-11-21","14:34:27","Moni","self_scratch"
"2017-11-21","14:40:07","Raimee","self_scratch"
"2017-11-21","14:43:01","Raimee","coprophagy"
"2017-11-21","14:43:46","Raimee","manipulate_feces"
"2017-11-21","14:45:20","Giambo","head_shake"
"2017-11-21","14:48:53","Giambo","head_shake"
"2017-11-21","14:48:55","Giambo","head_shake"
"2017-11-21","14:54:08","Giambo","head_shake"
"2017-11-21","15:09:49","Geisha","self_scratch"
"2017-11-23","9:23:47","Ghineau","not_visible"
"2017-11-23","9:23:58","Ghineau","BEHAVIOR_end(not_visible)"
"2017-11-23","9:26:20","Ghineau","self_scratch"
"2017-11-23","9:28:49","Ghineau","self_scratch"
"2017-11-23","9:33:03","Gaby","self_scratch"
"2017-11-23","9:34:18","Gaby","body_manipulation"
"2017-11-23","9:35:09","Gaby","body_manipulation"
"2017-11-23","9:49:36","Roosje","nothing"
"2017-11-23","10:02:22","Geisha","nothing"
"2017-11-23","13:10:05","Jimmie","nothing"
"2017-11-23","13:10:40","Giambo","self_scratch"
"2017-11-23","13:11:05","Giambo","self_scratch"
"2017-11-23","13:26:48","Moni","self_scratch"
"2017-11-23","13:41:20","Erika","self_scratch"
"2017-11-23","13:48:41","Erika","self_scratch"
"2017-11-23","13:51:00","Raimee","coprophagy"
"2017-11-23","13:51:48","Raimee","manipulate_feces"
"2017-11-23","13:54:04","Raimee","manipulate_feces"
"2017-11-23","14:14:34","Morami","crossedarm_walk"
"2017-11-23","14:24:54","Jing","self_scratch"
"2017-11-23","14:34:04","Moniek","coprophagy"
"2017-11-24","9:50:47","Giambo","head_shake"
"2017-11-24","10:21:43","Raimee","self_scratch"
"2017-11-24","10:35:10","Moni","nothing"
"2017-11-24","10:40:32","Fons","self_scratch"
"2017-11-24","11:15:17","Jimmie","nothing"
"2017-11-24","11:39:05","Tushi","self_scratch"
"2017-11-24","11:39:50","Tushi","self_scratch"
"2017-11-24","12:30:01","Jing","self_scratch"
"2017-11-27","10:40:03","Moniek","nothing"
"2017-11-27","10:41:08","Ghineau","self_scratch"
"2017-11-27","11:00:07","Moni","nothing"
"2017-11-27","11:07:09","Jing","self_scratch"
"2017-11-27","11:10:59","Gaby","body_manipulation"
"2017-11-27","11:11:59","Gaby","urine_interaction"
"2017-11-27","11:12:22","Gaby","urine_interaction"
"2017-11-27","11:13:08","Gaby","coprophagy"
"2017-11-27","11:13:46","Gaby","urine_interaction"
"2017-11-27","11:30:07","Tushi","nothing"
"2017-11-27","12:08:08","Giambo","head_shake"
"2017-11-27","12:09:53","Giambo","self_scratch"
"2017-11-27","12:10:04","Giambo","coprophagy"
"2017-11-27","12:36:43","Jimmie","self_scratch"
"2017-11-27","12:51:17","Morami","not_visible"
"2017-11-27","12:53:35","Morami","BEHAVIOR_end(not_visible)"
"2017-11-27","13:20:12","Erika","nothing"
"2017-11-28","10:30:10","Fons","nothing"
"2017-11-28","10:50:07","Gaby","nothing"
"2017-11-28","10:56:43","Ghineau","self_scratch"
"2017-11-28","10:57:19","Ghineau","self_scratch"
"2017-11-28","10:57:39","Ghineau","self_scratch"
"2017-11-28","10:59:11","Ghineau","self_scratch"
"2017-11-28","11:10:23","Moniek","nothing"
"2017-11-28","11:40:11","Tushi","nothing"
"2017-11-28","11:50:10","Jimmie","nothing"
"2017-11-28","15:05:47","Morami","coprophagy"
"2017-11-28","15:20:14","Tesua","self_scratch"
"2017-11-28","15:20:21","Tesua","self_scratch"
"2017-11-28","15:20:57","Tesua","self_scratch"
"2017-11-28","15:21:23","Tesua","self_scratch"
"2017-11-28","15:29:16","Tesua","self_scratch"
"2017-11-30","9:28:12","Jimmie","self_scratch"
"2017-11-30","9:43:27","Geisha","self_scratch"
"2017-11-30","10:30:03","Tushi","nothing"
"2017-11-30","10:50:03","Tesua","nothing"
"2017-11-30","10:51:00","Gaby","urine_interaction"
"2017-11-30","10:51:23","Gaby","coprophagy"
"2017-11-30","13:45:17","Fons","manipulate_feces"
"2017-11-30","13:45:19","Fons","coprophagy"
"2017-11-30","13:56:06","Erika","not_visible"
"2017-11-30","13:57:06","Erika","BEHAVIOR_end(not_visible)"
"2017-11-30","14:07:47","Ghineau","not_visible"
"2017-11-30","14:08:18","Ghineau","BEHAVIOR_end(not_visible)"
"2017-11-30","14:11:40","Ghineau","not_visible"
"2017-11-30","14:12:10","Ghineau","BEHAVIOR_end(not_visible)"
"2017-11-30","14:15:09","Ghineau","self_scratch"
"2017-11-30","14:18:32","Moniek","head_shake"
"2017-11-30","14:18:39","Moniek","head_shake"
"2017-11-30","14:18:40","Moniek","head_shake"
"2017-11-30","14:19:04","Moniek","head_shake"
"2017-11-30","14:19:50","Moniek","self_scratch"
"2017-11-30","14:19:53","Moniek","crossedarm_walk"
"2017-11-30","14:21:39","Moniek","crossedarm_walk"
"2017-11-30","14:24:47","Moniek","head_shake"
"2017-11-30","14:27:45","Raimee","self_scratch"
"2017-11-30","14:31:02","Raimee","self_scratch"
"2017-11-30","14:33:20","Raimee","head_shake"
"2017-11-30","14:39:31","Giambo","head_shake"
"2017-11-30","14:41:53","Giambo","head_shake"
"2017-11-30","14:42:30","Giambo","head_shake"
"2017-12-01","11:50:00","Gaby","nothing"
"2017-12-01","12:19:50","Ghineau","self_scratch"
"2017-12-01","14:10:08","Tushi","nothing"
"2017-12-01","14:16:02","Jimmie","self_scratch"
"2017-12-01","14:17:53","Jimmie","self_scratch"
"2017-12-01","14:48:00","Giambo","head_shake"
"2017-12-01","14:48:01","Giambo","head_shake"
"2017-12-01","14:48:37","Giambo","head_shake"
"2017-12-01","15:02:43","Moniek","nothing"
"2017-12-04","11:09:22","Geisha","not_visible"
"2017-12-04","12:00:05","Roosje","nothing"
"2017-12-04","12:15:07","Tushi","nothing"
"2017-12-04","12:25:06","Gaby","nothing"
"2017-12-04","12:43:40","Tesua","self_scratch"
"2017-12-04","12:46:35","Jimmie","rock"
"2017-12-04","12:46:37","Jimmie","self_scratch"
"2017-12-04","12:57:47","Moni","self_scratch"
"2017-12-04","12:58:41","Moni","self_scratch"
"2017-12-04","13:00:02","Moni","self_scratch"
"2017-12-04","13:01:10","Moni","self_scratch"
"2017-12-04","13:03:25","Moni","crossedarm_walk"
"2017-12-04","13:03:49","Moni","self_scratch"
"2017-12-05","11:25:01","Moni","nothing"
"2017-12-05","11:35:01","Fons","nothing"
"2017-12-05","12:10:13","Morami","nothing"
"2017-12-05","12:11:25","Roosje","coprophagy"
"2017-12-05","12:18:13","Roosje","manipulate_feces"
"2017-12-05","12:21:27","Tushi","self_scratch"
"2017-12-05","13:37:43","Raimee","self_scratch"
"2017-12-05","13:38:24","Raimee","urine_interaction"
"2017-12-05","13:41:43","Moniek","head_shake"
"2017-12-05","13:44:45","Moniek","self_scratch"
"2017-12-04","11:10:00","Geisha","BEHAVIOR_end(not_visible)"
"2017-12-07","11:05:07","Geisha","nothing"
"2017-12-07","12:20:05","Morami","nothing"
"2017-12-07","12:24:03","Moniek","self_scratch"
"2017-12-07","12:28:34","Moniek","not_visible"
"2017-12-07","12:30:09","Moniek","BEHAVIOR_end(not_visible)"
"2017-12-07","12:50:06","Jing","nothing"
"2017-12-07","13:10:23","Jimmie","nothing"
"2017-12-07","13:21:58","Ghineau","self_scratch"
"2017-12-07","13:35:08","Roosje","nothing"
"2017-12-07","13:39:03","Fons","self_scratch"
"2017-12-07","13:39:06","Fons","rock"
"2017-12-07","13:57:42","Gaby","self_scratch"
"2017-12-07","13:58:49","Gaby","self_scratch"
"2017-12-08","10:05:05","Morami","nothing"
"2017-12-08","10:15:04","Ghineau","nothing"
"2017-12-08","10:35:11","Roosje","nothing"
"2017-12-08","10:50:04","Fons","nothing"
"2017-12-08","11:32:10","Tushi","self_scratch"
"2017-12-08","11:35:39","Jing","manipulate_feces"
"2017-12-08","11:39:20","Jing","manipulate_feces"
"2017-12-08","11:42:13","Jing","self_scratch"
"2017-12-08","11:58:29","Raimee","self_scratch"
"2017-12-08","11:59:14","Raimee","self_scratch"
"2017-12-08","11:59:30","Raimee","self_scratch"
"2017-12-08","12:00:06","Raimee","self_scratch"
"2017-12-08","12:15:03","Moni","nothing"
"2017-12-12","10:25:08","Geisha","nothing"
"2017-12-12","10:26:54","Raimee","self_scratch"
"2017-12-12","10:27:21","Raimee","self_scratch"
"2017-12-12","11:15:01","Tesua","nothing"
"2017-12-12","11:25:07","Moni","nothing"
"2017-12-12","11:33:04","Tushi","pluck"
"2017-12-12","11:54:47","Fons","self_scratch"
"2017-12-12","14:56:01","Jimmie","nothing"
"2017-12-12","15:07:43","Morami","self_scratch"
"2017-12-12","15:08:48","Morami","coprophagy"
"2017-12-12","15:08:58","Morami","manipulate_feces"
"2017-12-12","15:11:30","Morami","self_scratch"
"2017-12-12","15:11:57","Morami","coprophagy"
"2017-12-12","15:14:07","Morami","crossedarm_walk"
"2017-12-12","15:15:03","Morami","crossedarm_walk"
"2017-12-14","9:30:28","Fons","coprophagy"
"2017-12-14","9:32:52","Fons","coprophagy"
"2017-12-14","9:36:38","Fons","rock"
"2017-12-14","9:37:53","Fons","coprophagy"
"2017-12-14","9:39:02","Fons","rock"
"2017-12-14","10:07:13","Moniek","crossedarm_walk"
"2017-12-14","10:11:06","Moniek","self_scratch"
"2017-12-14","10:11:12","Moniek","crossedarm_walk"
"2017-12-14","10:12:05","Moniek","crossedarm_walk"
"2017-12-14","10:13:49","Moniek","crossedarm_walk"
"2017-12-14","10:14:26","Moniek","crossedarm_walk"
"2017-12-14","10:18:19","Tushi","self_scratch"
"2017-12-14","10:25:53","Raimee","self_scratch"
"2017-12-14","10:29:00","Raimee","self_scratch"
"2017-12-14","10:30:10","Raimee","self_scratch"
"2017-12-14","10:45:08","Tesua","nothing"
"2017-12-14","10:55:02","Roosje","nothing"
"2017-12-14","11:05:05","Jimmie","nothing"
"2017-12-14","13:46:46","Erika","self_scratch"
"2017-12-14","13:47:16","Erika","self_scratch"
"2017-12-14","13:49:58","Erika","self_scratch"
"2017-12-14","14:05:04","Morami","nothing"
"2017-12-14","14:11:48","Jing","coprophagy"
"2017-12-15","9:15:16","Gaby","not_visible"
"2017-12-15","9:16:11","Gaby","BEHAVIOR_end(not_visible)"
"2017-12-15","9:27:58","Fons","self_scratch"
"2017-12-15","11:47:58","Erika","self_scratch"
"2017-12-15","11:58:18","Geisha","clap"
"2017-12-15","11:58:19","Geisha","self_scratch"
"2017-12-15","11:58:21","Geisha","clap"
"2017-12-15","12:19:12","Moniek","self_scratch"
"2017-12-15","12:19:38","Moniek","body_manipulation"
"2017-12-15","12:30:05","Jimmie","nothing"
"2017-12-15","13:22:10","Ghineau","self_scratch"
"2017-12-15","13:41:28","Giambo","head_shake"
"2017-12-15","13:44:04","Giambo","self_scratch"
"2017-12-15","13:50:16","Tushi","self_scratch"
"2018-01-08","13:12:49","Moni","self_scratch"
"2018-01-08","13:13:11","Moni","crossedarm_walk"
"2018-01-08","13:13:30","Moni","self_scratch"
"2018-01-08","13:14:01","Moni","self_scratch"
"2018-01-08","13:21:23","Roosje","urine_interaction"
"2018-01-08","13:50:27","Fons","coprophagy"
"2018-01-08","13:52:47","Fons","manipulate_feces"
"2018-01-08","13:53:02","Fons","coprophagy"
"2018-01-08","13:58:50","Fons","self_scratch"
"2018-01-08","14:06:30","Moniek","head_shake"
"2018-01-08","14:29:47","Erika","self_scratch"
"2018-01-08","14:30:30","Erika","self_scratch"
"2018-01-08","14:34:30","Erika","self_scratch"
"2018-01-08","14:38:47","Giambo","head_shake"
"2018-01-09","10:51:24","Tesua","manipulate_feces"
"2018-01-09","11:05:05","Moni","nothing"
"2018-01-09","11:15:07","Gaby","nothing"
"2018-01-09","11:25:35","Tushi","self_scratch"
"2018-01-09","12:08:23","Jing","coprophagy"
"2018-01-09","12:20:07","Moniek","nothing"
"2018-01-09","13:36:55","Fons","rock"
"2018-01-09","13:37:51","Fons","coprophagy"
"2018-01-09","13:38:43","Fons","manipulate_feces"
"2018-01-09","13:48:19","Erika","self_scratch"
"2018-01-09","14:20:02","Jimmie","nothing"
"2018-01-11","9:45:03","Ghineau","nothing"
"2018-01-11","9:46:10","Morami","crossedarm_walk"
"2018-01-11","9:54:10","Morami","crossedarm_walk"
"2018-01-11","10:05:02","Gaby","nothing"
"2018-01-11","10:25:01","Raimee","nothing"
"2018-01-11","10:50:34","Giambo","head_shake"
"2018-01-11","10:50:40","Giambo","head_shake"
"2018-01-11","10:50:50","Giambo","self_scratch"
"2018-01-11","10:57:47","Giambo","head_shake"
"2018-01-11","10:58:27","Giambo","head_shake"
"2018-01-11","10:59:22","Giambo","head_shake"
"2018-01-11","11:00:17","Jimmie","self_scratch"
"2018-01-11","11:01:11","Jimmie","self_scratch"
"2018-01-11","11:01:25","Jimmie","self_scratch"
"2018-01-11","11:01:54","Jimmie","head_shake"
"2018-01-11","11:02:02","Jimmie","self_scratch"
"2018-01-11","11:02:09","Jimmie","self_scratch"
"2018-01-11","11:02:32","Jimmie","rock"
"2018-01-11","11:03:18","Jimmie","self_scratch"
"2018-01-11","11:04:03","Jimmie","self_scratch"
"2018-01-11","11:04:49","Jimmie","rock"
"2018-01-11","11:07:16","Jimmie","self_scratch"
"2018-01-11","11:07:35","Jimmie","rock"
"2018-01-11","11:08:26","Jimmie","self_scratch"
"2018-01-11","11:08:35","Jimmie","self_scratch"
"2018-01-11","11:08:51","Jimmie","rock"
"2018-01-11","11:09:38","Jimmie","body_manipulation"
"2018-01-11","11:30:02","Moniek","nothing"
"2018-01-11","11:32:31","Tushi","self_scratch"
"2018-01-11","11:38:07","Tushi","self_scratch"
"2018-01-11","11:38:56","Tushi","self_scratch"
"2018-01-11","14:25:04","Jing","nothing"
"2018-01-11","14:40:50","Roosje","rock"
"2018-01-11","14:41:29","Roosje","head_shake"
"2018-01-11","14:44:52","Roosje","manipulate_feces"
"2018-01-12","10:20:02","Fons","nothing"
"2018-01-12","10:29:10","Raimee","self_scratch"
"2018-01-12","10:39:59","Roosje","nothing"
"2018-01-12","10:50:02","Jimmie","nothing"
"2018-01-12","10:59:01","Gaby","urine_interaction"
"2018-01-12","11:10:03","Jing","nothing"
"2018-01-12","11:16:01","Ghineau","head_shake"
"2018-01-12","11:16:45","Ghineau","self_scratch"
"2018-01-12","11:19:19","Ghineau","self_scratch"
"2018-01-12","11:30:06","Morami","nothing"
"2018-01-12","11:40:04","Moniek","nothing"
"2018-01-12","12:04:17","Tushi","self_scratch"
"2018-01-12","12:05:17","Moni","self_scratch"
"2018-01-12","12:13:48","Moni","self_scratch"
"2018-01-12","12:25:04","Giambo","nothing"
"2018-01-12","12:27:39","Erika","self_scratch"
"2018-01-15","11:00:05","Geisha","nothing"
"2018-01-15","11:05:14","Tushi","self_scratch"
"2018-01-15","11:05:35","Tushi","self_scratch"
"2018-01-15","11:06:06","Tushi","head_shake"
"2018-01-15","11:08:32","Tushi","self_scratch"
"2018-01-15","11:10:15","Moniek","nothing"
"2018-01-15","11:34:33","Tesua","self_scratch"
"2018-01-15","11:46:37","Gaby","urine_interaction"
"2018-01-15","11:55:57","Giambo","head_shake"
"2018-01-15","11:56:02","Giambo","head_shake"
"2018-01-15","12:24:06","Jing","self_scratch"
"2018-01-15","12:24:14","Jing","manipulate_feces"
"2018-01-15","12:30:32","Moni","self_scratch"
"2018-01-15","12:30:55","Moni","self_scratch"
"2018-01-15","12:32:41","Moni","self_scratch"
"2018-01-15","12:32:59","Moni","body_manipulation"
"2018-01-15","12:33:22","Moni","self_scratch"
"2018-01-15","12:34:48","Moni","self_scratch"
"2018-01-15","12:35:08","Moni","self_scratch"
"2018-01-15","12:48:17","Fons","self_scratch"
"2018-01-15","12:54:35","Jimmie","self_scratch"
"2018-01-15","13:00:31","Raimee","self_scratch"
"2018-01-15","13:00:56","Raimee","pluck"
"2018-01-15","13:20:04","Morami","nothing"
"2018-01-16","10:35:04","Fons","nothing"
"2018-01-16","10:45:02","Morami","nothing"
"2018-01-16","10:53:21","Raimee","self_scratch"
"2018-01-16","10:54:44","Raimee","self_scratch"
"2018-01-16","13:40:02","Moni","nothing"
"2018-01-16","13:49:00","Roosje","coprophagy"
"2018-01-16","14:19:09","Tushi","head_shake"
"2018-01-16","14:19:58","Tushi","self_scratch"
"2018-01-16","14:45:15","Erika","self_scratch"
"2018-01-16","14:53:44","Erika","not_visible"
"2018-01-16","15:25:05","Giambo","nothing"
"2018-01-16","15:35:04","Ghineau","nothing"
"2018-01-19","9:20:04","Ghineau","nothing"
"2018-01-19","9:35:15","Moni","rock"
"2018-01-19","9:39:06","Moni","not_visible"
"2018-01-19","10:35:05","Raimee","nothing"
"2018-01-19","10:41:18","Tesua","head_shake"
"2018-01-19","11:00:06","Moniek","nothing"
"2018-01-19","11:10:04","Morami","nothing"
"2018-01-19","11:30:03","Geisha","nothing"
"2018-01-19","11:45:55","Tushi","self_scratch"
"2018-01-22","9:45:02","Fons","nothing"
"2018-01-19","9:40:00","Moni","BEHAVIOR_end(not_visible)"
"2018-01-22","10:05:03","Moni","nothing"
"2018-01-22","10:15:02","Roosje","nothing"
"2018-01-22","10:50:03","Moniek","nothing"
"2018-01-22","10:54:54","Giambo","head_shake"
"2018-01-22","11:10:02","Tushi","nothing"
"2018-01-16","14:55:00","Erika","BEHAVIOR_end(not_visible)"
"2018-01-22","11:25:17","Erika","self_scratch"
"2018-01-22","11:44:08","Geisha","self_scratch"
"2018-01-22","12:05:20","Raimee","self_scratch"
"2018-01-22","12:12:45","Raimee","self_scratch"
"2018-01-23","10:25:07","Jimmie","nothing"
"2018-01-23","14:15:04","Geisha","nothing"
"2018-01-23","14:51:17","Tushi","crossedarm_walk"
"2018-01-23","15:04:54","Moni","manipulate_feces"
"2018-01-23","15:07:07","Moniek","crossedarm_walk"
"2018-01-23","15:07:36","Moniek","crossedarm_walk"
"2018-01-25","10:58:01","Gaby","self_scratch"
"2018-01-25","11:15:05","Morami","nothing"
"2018-01-25","11:19:21","Jing","coprophagy"
"2018-01-25","11:26:10","Raimee","self_scratch"
"2018-01-25","11:26:19","Raimee","self_scratch"
"2018-01-25","11:29:41","Raimee","self_scratch"
"2018-01-25","11:30:04","Raimee","self_scratch"
"2018-01-25","11:30:20","Raimee","self_scratch"
"2018-01-25","11:30:29","Raimee","self_scratch"
"2018-01-25","11:51:38","Tushi","self_scratch"
"2018-01-25","11:51:54","Tushi","rock"
"2018-01-25","12:05:50","Tesua","self_scratch"
"2018-01-25","12:07:24","Tesua","self_scratch"
"2018-01-25","12:08:29","Tesua","self_scratch"
"2018-01-25","13:01:08","Giambo","head_shake"
"2018-01-25","13:03:44","Giambo","head_shake"
"2018-01-25","13:17:15","Roosje","self_scratch"
"2018-01-26","10:50:01","Moniek","nothing"
"2018-01-26","11:00:04","Geisha","nothing"
"2018-01-26","11:10:03","Tesua","nothing"
"2018-01-26","11:20:02","Ghineau","nothing"
"2018-01-26","11:30:03","Morami","nothing"
"2018-01-26","11:34:06","Jimmie","self_scratch"
"2018-01-26","12:50:04","Gaby","nothing"
"2018-01-26","12:58:19","Tushi","self_scratch"
"2018-01-26","13:07:27","Roosje","self_scratch"
"2018-01-26","13:07:43","Roosje","self_scratch"
"2018-01-26","13:25:03","Moni","nothing"
"2018-01-26","13:45:01","Giambo","nothing"
"2018-01-26","13:45:21","Raimee","self_scratch"
"2018-01-29","13:45:15","Erika","self_scratch"
"2018-01-29","13:45:36","Erika","self_scratch"
"2018-01-29","14:10:04","Geisha","nothing"
"2018-01-29","14:20:00","Jimmie","nothing"
"2018-01-29","14:30:21","Giambo","head_shake"
"2018-01-29","14:30:45","Giambo","head_shake"
"2018-01-29","14:31:00","Giambo","head_shake"
"2018-01-29","14:31:35","Giambo","head_shake"
"2018-01-29","14:31:51","Giambo","self_scratch"
"2018-01-29","14:32:25","Giambo","head_shake"
"2018-01-29","14:34:03","Giambo","head_shake"
"2018-01-29","14:37:39","Giambo","head_shake"
"2018-01-29","14:37:55","Giambo","self_scratch"
"2018-01-29","14:43:54","Moni","self_scratch"
"2018-01-29","14:44:08","Moni","body_manipulation"
"2018-01-29","14:45:16","Moni","body_manipulation"
"2018-01-29","14:45:49","Moni","self_scratch"
"2018-01-29","14:45:54","Moni","self_scratch"
"2018-01-29","14:47:19","Moni","self_scratch"
"2018-01-29","15:06:38","Jing","nothing"
"2018-01-29","15:21:36","Raimee","self_scratch"
"2018-01-29","15:23:34","Raimee","self_scratch"
"2018-01-29","15:28:12","Raimee","self_scratch"
"2018-01-29","15:32:11","Roosje","self_scratch"
"2018-01-29","15:38:45","Roosje","self_scratch"
"2018-01-29","15:50:14","Ghineau","not_visible"
"2018-01-29","15:51:08","Ghineau","BEHAVIOR_end(not_visible)"
"2018-02-01","9:49:43","Moni","self_scratch"
"2018-02-01","9:55:18","Gaby","self_scratch"
"2018-02-01","10:34:50","Moniek","nothing"
"2018-02-01","10:45:05","Jimmie","nothing"
"2018-02-01","10:50:34","Raimee","self_scratch"
"2018-02-02","12:35:09","Geisha","nothing"
"2018-02-02","12:45:29","Roosje","self_scratch"
"2018-02-02","13:00:12","Morami","self_scratch"
"2018-02-02","13:53:00","Ghineau","self_scratch"
"2018-02-02","13:55:23","Gaby","pluck"
"2018-02-02","13:56:44","Gaby","self_scratch"
"2018-02-02","14:04:07","Gaby","pluck"
"2018-02-02","14:33:07","Jimmie","self_scratch"
"2018-02-02","14:54:02","Tushi","self_scratch"
"2018-02-02","15:08:00","Raimee","body_manipulation"
"2018-02-02","15:08:02","Raimee","self_scratch"
"2018-02-02","15:08:27","Raimee","self_scratch"
"2018-02-02","15:13:13","Raimee","self_scratch"
"2018-02-02","15:13:28","Raimee","manipulate_feces"
"2018-02-06","9:15:58","Morami","crossedarm_walk"
"2018-02-06","9:20:11","Morami","crossedarm_walk"
"2018-02-06","9:23:35","Morami","crossedarm_walk"
"2018-02-06","9:24:18","Morami","crossedarm_walk"
"2018-02-06","9:32:40","Moniek","crossedarm_walk"
"2018-02-06","10:05:42","Giambo","head_shake"
"2018-02-06","10:05:43","Giambo","head_shake"
"2018-02-06","10:09:48","Giambo","head_shake"
"2018-02-06","10:10:24","Giambo","manipulate_feces"
"2018-02-06","10:11:00","Giambo","head_shake"
"2018-02-06","10:11:05","Giambo","self_scratch"
"2018-02-06","10:12:17","Giambo","head_shake"
"2018-02-06","12:14:22","Roosje","self_scratch"
"2018-02-06","12:14:23","Roosje","self_scratch"
"2018-02-06","12:20:43","Moni","self_scratch"
"2018-02-06","12:22:51","Moni","self_scratch"
"2018-02-06","12:28:46","Moni","not_visible"
"2018-02-06","12:30:03","Moni","BEHAVIOR_end(not_visible)"
"2018-02-06","12:50:04","Erika","nothing"
"2018-02-06","13:00:03","Fons","nothing"
"2018-02-06","14:14:38","Tushi","crossedarm_walk"
"2018-02-06","14:19:34","Tushi","crossedarm_walk"
"2018-02-06","14:20:04","Tushi","self_scratch"
"2018-02-06","14:30:03","Geisha","nothing"
"2018-02-08","10:00:31","Jimmie","self_scratch"
"2018-02-08","10:01:55","Jimmie","self_scratch"
"2018-02-08","10:04:05","Jimmie","self_scratch"
"2018-02-08","10:15:07","Moniek","nothing"
"2018-02-08","10:25:01","Geisha","nothing"
"2018-02-08","11:00:06","Erika","nothing"
"2018-02-08","11:10:04","Fons","nothing"
"2018-02-08","11:20:15","Gaby","urine_interaction"
"2018-02-08","11:22:51","Gaby","coprophagy"
"2018-02-08","11:23:16","Gaby","manipulate_feces"
"2018-02-08","11:40:04","Moni","nothing"
"2018-02-08","11:45:32","Tushi","self_scratch"
"2018-02-09","13:30:04","Fons","nothing"
"2018-02-09","13:50:03","Gaby","nothing"
"2018-02-09","14:00:02","Ghineau","nothing"
"2018-02-09","14:10:03","Morami","nothing"
"2018-02-09","14:18:43","Jing","self_scratch"
"2018-02-09","14:45:02","Jimmie","nothing"
"2018-02-09","15:15:04","Moni","nothing"
"2018-02-09","15:25:04","Tesua","nothing"
"2018-02-09","15:28:00","Giambo","head_shake"
"2018-02-12","13:20:02","Jimmie","nothing"
"2018-02-12","13:59:07","Giambo","self_scratch"
"2018-02-12","14:25:16","Tushi","not_visible"
"2018-02-12","14:25:29","Tushi","BEHAVIOR_end(not_visible)"
"2018-02-12","14:53:04","Geisha","self_scratch"
"2018-02-12","14:54:00","Geisha","coprophagy"
"2018-02-12","15:13:56","Moni","self_scratch"
"2018-02-12","15:14:11","Moni","self_scratch"
"2018-02-12","15:14:28","Moni","body_manipulation"
"2018-02-12","15:15:29","Gaby","urine_interaction"
"2018-02-12","15:18:10","Gaby","coprophagy"
"2018-02-12","15:30:13","Erika","self_scratch"
"2018-02-12","15:35:28","Tesua","self_scratch"
"2018-02-12","15:35:43","Tesua","self_scratch"
"2018-02-12","15:35:49","Tesua","self_scratch"
"2018-02-12","15:36:50","Tesua","self_scratch"
"2018-02-12","15:37:02","Tesua","self_scratch"
"2018-02-12","15:41:40","Tesua","self_scratch"
"2018-02-12","15:41:43","Tesua","self_scratch"
"2018-02-12","15:42:11","Tesua","self_scratch"
"2018-02-12","15:42:19","Tesua","self_scratch"
"2018-02-12","15:44:44","Tesua","self_scratch"
"2018-02-13","10:05:29","Fons","not_visible"
"2018-02-13","10:06:03","Fons","BEHAVIOR_end(not_visible)"
"2018-02-13","10:24:08","Morami","crossedarm_walk"
"2018-02-13","10:28:59","Geisha","self_scratch"
"2018-02-13","10:44:56","Tesua","nothing"
"2018-02-13","11:10:04","Gaby","nothing"
"2018-02-13","11:20:06","Giambo","nothing"
"2018-02-13","11:30:04","Jimmie","nothing"
"2018-02-13","11:52:31","Ghineau","self_scratch"
"2018-02-13","11:52:50","Ghineau","self_scratch"
"2018-02-13","11:52:55","Ghineau","self_scratch"
"2018-02-15","10:05:03","Gaby","nothing"
"2018-02-15","10:19:02","Ghineau","self_scratch"
"2018-02-15","10:35:03","Jing","nothing"
"2018-02-15","13:10:03","Raimee","nothing"
"2018-02-15","13:18:45","Roosje","manipulate_feces"
"2018-02-15","13:19:43","Roosje","coprophagy"
"2018-02-15","13:30:06","Jimmie","nothing"
"2018-02-15","13:40:03","Tesua","nothing"
"2018-02-15","13:50:03","Geisha","nothing"
"2018-02-15","13:59:29","Moni","nothing"
"2018-02-16","12:33:12","Tushi","self_scratch"
"2018-02-16","12:54:30","Gaby","self_scratch"
"2018-02-16","13:25:04","Morami","nothing"
"2018-02-16","13:34:14","Roosje","self_scratch"
"2018-02-16","13:43:57","Moni","body_manipulation"
"2018-02-16","13:45:14","Moni","self_scratch"
"2018-02-16","13:46:50","Moni","self_scratch"
"2018-02-16","13:56:28","Moniek","head_shake"
"2018-02-16","13:56:47","Moniek","head_shake"
"2018-02-16","13:59:10","Moniek","coprophagy"
"2018-02-16","14:20:04","Geisha","nothing"
"2018-02-16","14:30:02","Jimmie","nothing"
"2018-02-20","9:40:03","Jing","nothing"
"2018-02-20","9:49:58","Tesua","nothing"
"2018-02-20","9:59:33","Roosje","self_scratch"
"2018-02-20","14:09:38","Morami","crossedarm_walk"
"2018-02-20","14:10:23","Morami","manipulate_feces"
"2018-02-20","14:10:30","Morami","crossedarm_walk"
"2018-02-20","14:11:19","Morami","coprophagy"
"2018-02-20","14:13:45","Morami","crossedarm_walk"
"2018-02-20","14:15:53","Tushi","self_scratch"
"2018-02-20","14:16:20","Tushi","self_scratch"
"2018-02-20","14:17:11","Tushi","self_scratch"
"2018-02-20","14:26:52","Moniek","manipulate_feces"
"2018-02-20","14:50:39","Moni","crossedarm_walk"
"2018-02-20","14:52:07","Moni","body_manipulation"
"2018-02-20","14:52:12","Moni","self_scratch"
"2018-02-20","14:52:23","Moni","self_scratch"
"2018-02-20","14:54:51","Moni","not_visible"
"2018-02-20","14:55:14","Moni","BEHAVIOR_end(not_visible)"
"2018-02-20","15:05:02","Geisha","nothing"
"2018-02-20","15:40:05","Ghineau","nothing"
"2018-02-20","15:41:34","Fons","self_scratch"
"2018-02-20","16:00:03","Gaby","nothing"
"2018-02-22","9:50:03","Erika","nothing"
"2018-02-22","10:45:05","Jing","nothing"
"2018-02-22","10:55:05","Moni","nothing"
"2018-02-22","11:10:03","Morami","nothing"
"2018-02-22","11:20:05","Jimmie","nothing"
"2018-02-23","10:15:53","Moniek","manipulate_feces"
"2018-02-23","10:30:03","Jing","nothing"
"2018-02-23","10:40:05","Tesua","nothing"
"2018-02-23","10:44:49","Ghineau","self_scratch"
"2018-02-23","11:00:03","Tushi","nothing"
"2018-02-23","11:10:03","Moni","nothing"
"2018-02-23","11:25:03","Geisha","nothing"
"2018-02-23","11:45:01","Jimmie","nothing"
"2018-02-23","11:50:45","Raimee","self_scratch"
"2018-02-23","12:50:01","Morami","nothing"
"2018-02-26","10:59:53","Gaby","nothing"
"2018-02-26","11:10:04","Geisha","nothing"
"2018-02-26","11:20:04","Morami","nothing"
"2018-02-26","11:30:02","Jimmie","nothing"
"2018-02-26","11:40:03","Tesua","nothing"
"2018-02-26","11:58:25","Moniek","self_scratch"
"2018-02-26","12:09:45","Giambo","self_scratch"
"2018-02-26","12:15:09","Jing","not_visible"
"2018-02-26","12:17:31","Jing","BEHAVIOR_end(not_visible)"
"2018-02-26","12:34:51","Raimee","self_scratch"
"2018-02-26","12:38:30","Raimee","coprophagy"
"2018-02-27","11:03:05","Morami","self_scratch"
"2018-02-27","11:03:22","Morami","crossedarm_walk"
"2018-02-27","11:05:29","Morami","crossedarm_walk"
"2018-02-27","11:20:05","Moni","nothing"
"2018-02-27","11:20:27","Tushi","self_scratch"
"2018-02-27","11:40:04","Jing","nothing"
"2018-02-27","11:48:57","Jimmie","self_scratch"
"2018-02-27","12:05:04","Ghineau","nothing"
"2018-02-27","12:29:31","Moniek","self_scratch"
"2018-02-27","12:45:03","Erika","nothing"
"2018-02-27","13:19:32","Giambo","pluck"
"2018-03-01","10:15:01","Jimmie","nothing"
"2018-03-01","10:22:39","Ghineau","self_scratch"
"2018-03-01","10:26:02","Fons","self_scratch"
"2018-03-01","10:45:02","Tushi","nothing"
"2018-03-01","13:59:29","Tesua","self_scratch"
"2018-03-01","14:11:28","Raimee","self_scratch"
"2018-03-01","14:19:19","Raimee","self_scratch"
"2018-03-02","11:41:07","Jing","self_scratch"
"2018-03-02","11:59:49","Morami","nothing"
"2018-03-02","12:17:39","Tesua","self_scratch"
"2018-03-02","12:26:19","Giambo","self_scratch"
"2018-03-02","12:28:44","Giambo","self_scratch"
"2018-03-02","12:45:11","Erika","self_scratch"
"2018-03-02","13:05:15","Fons","coprophagy"
"2018-03-05","10:22:49","Gaby","head_shake"
"2018-03-05","10:40:02","Moni","nothing"
"2018-03-05","10:40:20","Moniek","self_scratch"
"2018-03-05","10:43:06","Moniek","self_scratch"
"2018-03-05","10:45:37","Moniek","head_shake"
"2018-03-05","10:46:32","Moniek","head_shake"
"2018-03-05","10:47:03","Moniek","head_shake"
"2018-03-05","10:47:09","Moniek","head_shake"
"2018-03-05","10:47:20","Moniek","head_shake"
"2018-03-05","10:49:10","Moniek","self_scratch"
"2018-03-05","10:49:27","Moniek","head_shake"
"2018-03-05","11:00:51","Geisha","nothing"
"2018-03-05","11:07:14","Morami","crossedarm_walk"
"2018-03-05","11:16:22","Jimmie","self_scratch"
"2018-03-05","12:00:08","Fons","self_scratch"
"2018-03-05","12:13:43","Tesua","self_scratch"
"2018-03-05","12:25:34","Jing","self_scratch"
"2018-03-05","12:33:35","Tushi","crossedarm_walk"
"2018-03-05","12:40:11","Erika","manipulate_feces"
"2018-03-05","12:47:01","Erika","manipulate_feces"
"2018-03-05","12:47:27","Erika","coprophagy"
"2018-03-06","9:35:06","Ghineau","nothing"
"2018-03-06","9:45:01","Tesua","nothing"
"2018-03-06","9:45:46","Gaby","head_shake"
"2018-03-06","9:51:40","Gaby","head_shake"
"2018-03-06","9:59:05","Jimmie","self_scratch"
"2018-03-06","10:15:02","Tushi","nothing"
"2018-03-06","10:25:01","Moni","nothing"
"2018-03-06","12:07:21","Erika","self_scratch"
"2018-03-06","12:15:53","Roosje","manipulate_feces"
"2018-03-06","12:19:36","Roosje","coprophagy"
"2018-03-06","14:05:21","Fons","coprophagy"
"2018-03-06","14:31:42","Morami","crossedarm_walk"
"2018-03-06","14:32:17","Morami","crossedarm_walk"
"2018-03-06","14:33:24","Morami","self_scratch"
"2018-03-08","10:42:13","Raimee","self_scratch"
"2018-03-08","10:58:19","Moniek","clap"
"2018-03-08","10:58:20","Moniek","clap"
"2018-03-08","10:58:22","Moniek","clap"
"2018-03-08","11:03:40","Roosje","self_scratch"
"2018-03-08","11:08:12","Roosje","self_scratch"
"2018-03-08","11:20:03","Geisha","nothing"
"2018-03-08","14:07:27","Erika","self_scratch"
"2018-03-08","14:16:46","Fons","self_scratch"
"2018-03-08","14:20:55","Fons","self_scratch"
"2018-03-09","10:46:24","Morami","nothing"
"2018-03-09","11:20:07","Jimmie","nothing"
"2018-03-09","11:40:02","Fons","nothing"
"2018-03-09","11:45:22","Raimee","self_scratch"
"2018-03-09","13:25:02","Tesua","nothing"
"2018-03-09","13:43:16","Tushi","self_scratch"
"2018-03-09","14:10:42","Moniek","crossedarm_walk"
"2018-03-12","10:21:07","Roosje","self_scratch"
"2018-03-12","10:35:06","Erika","nothing"
"2018-03-13","10:05:04","Tesua","nothing"
"2018-03-13","10:15:00","Gaby","nothing"
"2018-03-13","10:50:05","Jimmie","nothing"
"2018-03-13","11:10:03","Ghineau","nothing"
"2018-03-13","11:30:03","Moni","nothing"
"2018-03-13","11:40:04","Geisha","nothing"
"2018-03-16","10:16:04","Jing","self_scratch"
"2018-03-16","10:24:06","Morami","self_scratch"
"2018-03-16","10:45:10","Moniek","self_scratch"
"2018-03-16","11:00:03","Tushi","nothing"
"2018-03-16","11:06:14","Fons","manipulate_feces"
"2018-03-16","11:34:31","Geisha","self_scratch"
"2018-03-16","11:56:12","Jimmie","self_scratch"
"2018-03-16","12:14:38","Gaby","self_scratch"
"2018-03-16","12:35:03","Raimee","nothing"
"2018-03-16","12:44:59","Moni","nothing"
"2018-03-19","11:14:30","Fons","self_scratch"
"2018-03-19","11:30:05","Jimmie","nothing"
"2018-03-19","11:55:05","Moni","nothing"
"2018-03-19","12:01:46","Jing","self_scratch"
"2018-03-19","12:57:08","Erika","self_scratch"
"2018-03-19","13:28:29","Tushi","body_manipulation"
"2018-03-20","13:30:03","Jimmie","nothing"
"2018-03-20","13:38:52","Gaby","coprophagy"
"2018-03-20","13:49:52","Erika","nothing"
"2018-03-20","14:01:05","Moni","self_scratch"
"2018-03-20","14:04:04","Moni","self_scratch"
"2018-03-20","14:20:04","Roosje","nothing"
"2018-03-20","14:30:04","Jing","nothing"
"2018-03-20","14:36:05","Fons","self_scratch"
"2018-03-20","14:38:50","Fons","self_scratch"
"2018-03-22","10:20:00","Ghineau","nothing"
"2018-03-22","10:50:03","Morami","nothing"
"2018-03-22","11:00:04","Raimee","nothing"
"2018-03-22","11:09:58","Giambo","nothing"
"2018-03-22","11:20:03","Geisha","nothing"
"2018-03-22","11:30:09","Tesua","nothing"
"2018-03-22","11:45:03","Tushi","nothing"
"2018-03-22","11:55:03","Fons","nothing"
"2018-03-23","10:26:59","Giambo","head_shake"
"2018-03-23","10:45:02","Erika","nothing"
"2018-03-23","10:55:00","Fons","nothing"
"2018-03-23","11:05:02","Jimmie","nothing"
"2018-03-23","11:15:02","Ghineau","nothing"
"2018-03-23","11:50:03","Moni","nothing"
"2018-03-23","12:52:34","Geisha","crossedarm_walk"
"2018-03-23","13:04:23","Moniek","crossedarm_walk"
"2018-03-23","13:07:54","Moniek","head_shake"
"2018-03-23","13:08:43","Moniek","head_shake"
"2018-03-23","13:20:03","Tesua","nothing"
"2018-03-23","13:30:03","Gaby","nothing"
"2018-03-23","13:42:11","Roosje","pluck"
"2018-03-26","11:00:05","Tushi","nothing"
"2018-03-26","11:40:03","Jing","nothing"
"2018-03-26","12:05:04","Geisha","nothing"
"2018-03-26","13:35:04","Giambo","nothing"
"2018-03-26","13:46:53","Fons","coprophagy"
"2018-03-26","13:53:18","Fons","self_scratch"
"2018-03-26","14:05:50","Tesua","body_manipulation"
"2018-03-26","14:17:50","Jimmie","self_scratch"
"2018-03-27","9:55:03","Moni","nothing"
"2018-03-27","10:20:10","Geisha","nothing"
"2018-03-27","10:31:01","Ghineau","self_scratch"
"2018-03-27","10:32:11","Ghineau","self_scratch"
"2018-03-27","10:40:17","Raimee","self_scratch"
"2018-03-27","10:44:13","Raimee","self_scratch"
"2018-03-27","10:47:42","Raimee","self_scratch"
"2018-03-27","10:48:01","Raimee","self_scratch"
"2018-03-27","10:50:40","Roosje","crossedarm_walk"
"2018-03-27","11:07:08","Morami","crossedarm_walk"
"2018-03-27","13:10:04","Gaby","nothing"
"2018-03-27","13:11:02","Tushi","manipulate_feces"
"2018-03-27","13:30:03","Erika","nothing"
"2018-03-29","10:10:03","Moni","nothing"
"2018-03-29","10:17:13","Giambo","head_shake"
"2018-03-29","10:23:46","Raimee","self_scratch"
"2018-03-29","10:30:13","Ghineau","pluck"
"2018-03-29","10:34:31","Ghineau","self_scratch"
"2018-03-29","10:35:16","Ghineau","self_scratch"
"2018-03-29","10:40:11","Morami","crossedarm_walk"
"2018-03-29","10:41:24","Morami","crossedarm_walk"
"2018-03-29","10:47:21","Morami","crossedarm_walk"
"2018-03-29","10:52:01","Roosje","self_scratch"
"2018-03-29","11:05:10","Moniek","crossedarm_walk"
"2018-03-29","11:05:37","Moniek","crossedarm_walk"
"2018-03-29","11:34:48","Gaby","self_scratch"
"2018-03-29","11:47:13","Erika","self_scratch"
"2018-03-29","11:52:33","Erika","self_scratch"
"2018-03-29","11:53:15","Erika","self_scratch"
"2018-03-29","15:00:03","Tushi","nothing"
"2018-03-30","11:34:43","Gaby","urine_interaction"
"2018-03-30","11:50:25","Jing","self_scratch"
"2018-03-30","12:05:28","Jimmie","not_visible"
"2018-03-30","12:05:51","Jimmie","BEHAVIOR_end(not_visible)"
"2018-03-30","12:25:06","Erika","nothing"
"2018-03-30","13:45:02","Moni","nothing"
"2018-03-30","14:02:53","Moniek","self_scratch"
"2018-04-03","12:36:37","Roosje","head_shake"
"2018-04-03","13:10:03","Geisha","nothing"
"2018-04-03","14:50:06","Gaby","nothing"
"2018-04-03","14:59:47","Moniek","clap"
"2018-04-03","15:08:44","Tushi","rock"
"2018-04-03","15:09:17","Tushi","self_scratch"
"2018-04-03","15:17:30","Morami","crossedarm_walk"
"2018-04-03","15:22:19","Morami","crossedarm_walk"
"2018-04-03","15:35:40","Fons","coprophagy"
"2018-04-05","14:49:54","Gaby","self_scratch"
"2018-04-05","15:54:52","Jimmie","nothing"
"2018-04-05","16:15:02","Geisha","nothing"
"2018-04-05","16:24:55","Ghineau","nothing"
"2018-04-05","16:35:03","Giambo","nothing"
"2018-04-05","16:42:16","Moniek","manipulate_feces"
"2018-04-05","16:43:04","Moniek","coprophagy"
"2018-04-05","16:43:55","Moniek","manipulate_feces"
"2018-04-06","12:50:03","Roosje","nothing"
"2018-04-06","13:10:07","Moniek","nothing"
"2018-04-06","13:29:40","Gaby","self_scratch"
"2018-04-06","15:35:03","Jing","nothing"
"2018-04-06","16:30:03","Geisha","nothing"
"2018-04-06","16:33:57","Raimee","self_scratch"
"2018-04-06","16:42:51","Ghineau","self_scratch"
"2018-04-09","12:05:04","Moni","nothing"
"2018-04-09","12:45:02","Roosje","nothing"
"2018-04-09","12:55:02","Jing","nothing"
"2018-04-09","13:01:14","Raimee","self_scratch"
"2018-04-09","13:05:28","Moniek","self_scratch"
"2018-04-09","13:05:59","Moniek","self_scratch"
"2018-04-09","13:06:00","Moniek","rock"
"2018-04-09","13:07:41","Moniek","body_manipulation"
"2018-04-09","13:10:09","Moniek","body_manipulation"
"2018-04-09","13:25:05","Giambo","nothing"
"2018-04-09","14:20:03","Jimmie","nothing"
"2018-04-09","14:30:04","Erika","nothing"
"2018-04-09","14:30:19","Ghineau","self_scratch"
"2018-04-09","14:50:25","Tesua","not_visible"
"2018-04-09","14:50:46","Tesua","BEHAVIOR_end(not_visible)"
"2018-04-09","15:00:04","Tesua","nothing"
"2018-04-09","15:09:59","Gaby","nothing"
"2018-04-10","11:58:44","Moni","crossedarm_walk"
"2018-04-10","12:20:06","Roosje","nothing"
"2018-04-10","12:37:30","Gaby","nothing"
"2018-04-10","12:50:00","Fons","coprophagy"
"2018-04-10","12:51:25","Fons","manipulate_feces"
"2018-04-10","12:54:03","Fons","coprophagy"
"2018-04-10","13:25:03","Giambo","nothing"
"2018-04-10","14:29:38","Morami","self_scratch"
"2018-04-10","14:45:04","Jing","nothing"
"2018-04-10","14:55:03","Tesua","nothing"
"2018-04-12","11:27:11","Moniek","self_scratch"
"2018-04-12","11:27:28","Moniek","body_manipulation"
"2018-04-12","11:28:45","Moniek","clap"
"2018-04-12","11:37:58","Giambo","head_shake"
"2018-04-12","11:50:03","Jimmie","nothing"
"2018-04-12","12:00:03","Tesua","nothing"
"2018-04-12","12:38:49","Morami","crossedarm_walk"
"2018-04-12","12:40:39","Fons","rock"
"2018-04-12","16:15:02","Erika","nothing"
"2018-04-12","16:25:02","Moniek","nothing"
"2018-04-12","16:35:02","Gaby","nothing"
"2018-04-13","9:31:24","Giambo","self_scratch"
"2018-04-13","9:45:03","Tushi","nothing"
"2018-04-13","9:55:07","Tesua","nothing"
"2018-04-13","10:30:05","Roosje","nothing"
"2018-04-13","10:40:07","Jimmie","nothing"
"2018-04-13","10:46:11","Moni","self_scratch"
"2018-04-13","10:47:13","Moni","self_scratch"
"2018-04-13","10:48:24","Moni","crossedarm_walk"
"2018-04-13","11:01:12","Raimee","self_scratch"
"2018-04-13","11:09:09","Raimee","not_visible"
"2018-04-13","11:09:57","Raimee","BEHAVIOR_end(not_visible)"
"2018-04-13","11:10:08","Fons","not_visible"
"2018-04-13","11:10:56","Fons","BEHAVIOR_end(not_visible)"
"2018-04-13","11:20:02","Fons","nothing"
"2018-04-16","12:05:17","Moni","self_scratch"
"2018-04-16","12:09:52","Moni","coprophagy"
"2018-04-16","12:10:46","Moni","manipulate_feces"
"2018-04-16","12:16:01","Ghineau","self_scratch"
"2018-04-16","12:16:20","Ghineau","pluck"
"2018-04-16","12:20:33","Ghineau","not_visible"
"2018-04-16","12:21:35","Ghineau","BEHAVIOR_end(not_visible)"
"2018-04-16","12:33:40","Geisha","self_scratch"
"2018-04-16","13:40:03","Moniek","nothing"
"2018-04-16","13:50:03","Raimee","nothing"
"2018-04-16","14:20:05","Jimmie","nothing"
"2018-04-16","14:29:49","Tesua","not_visible"
"2018-04-16","14:30:09","Tesua","BEHAVIOR_end(not_visible)"
"2018-04-16","14:45:03","Giambo","nothing"
"2018-04-16","15:05:05","Fons","nothing"
"2018-04-16","15:15:02","Roosje","nothing"
"2018-04-16","15:25:05","Jing","nothing"
"2018-04-17","10:58:39","Fons","coprophagy"
"2018-04-17","10:59:01","Fons","manipulate_feces"
"2018-04-17","11:02:38","Tushi","self_scratch"
"2018-04-17","11:40:11","Moni","self_scratch"
"2018-04-17","13:04:35","Raimee","coprophagy"
"2018-04-17","13:06:05","Raimee","self_scratch"
"2018-04-17","13:20:03","Jimmie","nothing"
"2018-04-17","13:34:55","Ghineau","self_scratch"
"2018-04-17","13:36:42","Ghineau","self_scratch"
"2018-04-17","14:10:05","Erika","nothing"
"2018-04-19","11:00:03","Giambo","nothing"
"2018-04-19","11:20:04","Ghineau","nothing"
"2018-04-19","11:40:05","Moni","nothing"
"2018-04-19","12:15:03","Moniek","nothing"
"2018-04-19","13:25:04","Roosje","nothing"
"2018-04-19","13:35:03","Erika","nothing"
"2018-04-19","13:37:30","Raimee","self_scratch"
"2018-04-19","13:52:36","Jimmie","not_visible"
"2018-04-19","13:55:04","Jimmie","BEHAVIOR_end(not_visible)"
"2018-04-19","14:15:06","Gaby","nothing"
"2018-04-20","12:10:35","Fons","coprophagy"
"2018-04-20","12:17:26","Fons","self_scratch"
"2018-04-20","12:30:04","Giambo","nothing"
"2018-04-20","14:00:05","Moni","nothing"
"2018-04-20","14:21:48","Ghineau","self_scratch"
"2018-04-20","14:26:37","Ghineau","self_scratch"
"2018-04-20","14:29:28","Ghineau","self_scratch"
"2018-04-20","14:34:11","Morami","manipulate_feces"
"2018-04-20","14:36:55","Morami","coprophagy"
"2018-04-20","14:55:02","Jimmie","nothing"
"2018-04-20","15:19:05","Tushi","self_scratch"
"2018-04-20","15:22:00","Tushi","self_scratch"
"2018-04-23","11:42:44","Morami","self_scratch"
"2018-04-23","12:02:17","Jimmie","self_scratch"
"2018-04-23","15:00:03","Ghineau","nothing"
"2018-04-23","15:01:37","Moniek","head_shake"
"2018-04-23","15:09:50","Moniek","head_shake"
"2018-04-23","15:16:42","Moni","self_scratch"
"2018-04-23","15:22:23","Fons","self_scratch"
"2018-04-23","15:40:03","Erika","nothing"
"2018-04-23","16:05:03","Gaby","nothing"
"2018-04-23","16:17:25","Roosje","coprophagy"
"2018-04-24","12:00:14","Raimee","self_scratch"
"2018-04-24","12:32:25","Erika","manipulate_feces"
"2018-04-24","12:43:22","Tesua","head_shake"
"2018-04-24","15:30:03","Jimmie","nothing"
"2018-04-24","15:30:54","Moni","crossedarm_walk"
"2018-04-24","15:34:01","Moni","self_scratch"
"2018-04-24","15:50:02","Tushi","nothing"
"2018-04-24","16:00:03","Moniek","nothing"
"2018-04-24","16:10:03","Jing","nothing"
"2018-04-24","16:34:34","Morami","self_scratch"
"2018-04-24","16:37:07","Morami","crossedarm_walk"
"2018-04-24","16:50:04","Geisha","nothing"
"2018-04-24","16:50:33","Gaby","self_scratch"
"2018-04-24","16:51:48","Gaby","self_scratch"
"2018-04-24","16:55:05","Gaby","self_scratch"
"2018-04-24","16:56:15","Gaby","self_scratch"
"2018-04-24","16:57:19","Gaby","self_scratch"
"2018-04-26","12:30:03","Jing","nothing"
"2018-04-26","12:33:41","Fons","self_scratch"
"2018-04-26","12:35:16","Fons","self_scratch"
"2018-04-26","12:35:25","Fons","rock"
"2018-04-26","12:35:38","Fons","rock"
"2018-04-26","12:39:30","Fons","rock"
"2018-04-26","13:10:27","Tushi","self_scratch"
"2018-04-26","13:10:53","Tushi","self_scratch"
"2018-04-26","13:12:21","Tushi","self_scratch"
"2018-04-26","14:56:06","Jimmie","crossedarm_walk"
"2018-04-26","15:10:05","Moniek","nothing"
"2018-04-26","15:20:02","Raimee","nothing"
"2018-04-30","11:48:45","Erika","self_scratch"
"2018-04-30","11:52:33","Erika","self_scratch"
"2018-04-30","12:15:04","Raimee","nothing"
"2018-04-30","13:35:21","Tushi","self_scratch"
"2018-04-30","13:35:36","Tushi","self_scratch"
"2018-04-30","13:36:34","Tushi","self_scratch"
"2018-04-30","14:08:17","Moniek","crossedarm_walk"
"2018-04-30","14:30:04","Jimmie","nothing"
"2018-04-30","15:10:03","Tesua","nothing"
"2018-04-30","15:20:04","Gaby","nothing"
"2018-05-01","12:21:35","Moniek","crossedarm_walk"
"2018-05-01","12:23:39","Moniek","crossedarm_walk"
"2018-05-01","12:24:57","Moniek","crossedarm_walk"
"2018-05-01","12:25:13","Moniek","self_scratch"
"2018-05-01","12:25:17","Moniek","crossedarm_walk"
"2018-05-01","12:28:26","Moniek","crossedarm_walk"
"2018-05-01","12:40:05","Erika","nothing"
"2018-05-01","12:50:04","Tushi","nothing"
"2018-05-01","12:50:12","Moni","crossedarm_walk"
"2018-05-01","12:52:55","Moni","crossedarm_walk"
"2018-05-01","12:56:07","Moni","crossedarm_walk"
"2018-05-01","13:00:15","Morami","crossedarm_walk"
"2018-05-01","13:05:18","Morami","crossedarm_walk"
"2018-05-01","13:19:31","Jimmie","self_scratch"
"2018-05-01","15:33:56","Roosje","self_scratch"
"2018-05-01","16:03:35","Raimee","self_scratch"
"2018-05-01","16:12:28","Jing","self_scratch"
"2018-05-01","16:25:03","Geisha","nothing"
"2018-05-01","16:40:03","Tesua","nothing"
"2018-05-01","16:47:19","Gaby","self_scratch"
"2018-05-01","17:00:03","Ghineau","nothing"
"2018-05-03","10:55:04","Erika","nothing"
"2018-05-03","12:14:15","Raimee","self_scratch"
"2018-05-03","12:25:05","Tesua","nothing"
"2018-05-03","12:33:36","Giambo","self_scratch"
"2018-05-03","12:48:23","Jimmie","self_scratch"
"2018-05-03","12:59:07","Ghineau","self_scratch"
"2018-05-03","12:59:44","Ghineau","self_scratch"
"2018-05-03","13:17:57","Morami","self_scratch"
"2018-05-03","13:30:02","Moni","nothing"
"2018-05-03","13:40:07","Moniek","nothing"
"2018-05-03","13:50:09","Jing","nothing"
"2018-05-03","14:09:12","Fons","self_scratch"
"2018-05-04","12:00:02","Tesua","nothing"
"2018-05-04","12:08:01","Fons","self_scratch"
"2018-05-04","14:55:06","Giambo","nothing"
"2018-05-04","15:04:31","Gaby","self_scratch"
"2018-05-04","15:15:04","Roosje","nothing"
"2018-05-04","15:25:04","Geisha","nothing"
"2018-05-04","15:45:05","Ghineau","nothing"
"2018-05-04","16:21:35","Tushi","self_scratch"
"2018-05-04","16:39:55","Moni","self_scratch"
"2018-05-04","16:42:10","Moni","self_scratch"
"2018-05-07","11:55:03","Tesua","nothing"
"2018-05-07","12:05:05","Giambo","nothing"
"2018-05-07","12:25:03","Jimmie","nothing"
"2018-05-07","12:35:03","Raimee","nothing"
"2018-05-07","16:05:07","Moniek","nothing"
"2018-05-07","16:15:06","Jing","nothing"
"2018-05-07","16:25:06","Fons","nothing"
"2018-05-07","16:50:04","Geisha","nothing"
"2018-05-07","17:00:02","Gaby","nothing"
"2018-05-08","11:47:35","Jing","coprophagy"
"2018-05-08","12:10:01","Jimmie","self_scratch"
"2018-05-08","12:11:34","Jimmie","self_scratch"
"2018-05-08","13:35:54","Moniek","self_scratch"
"2018-05-08","14:15:07","Moni","nothing"
"2018-05-08","14:40:11","Gaby","not_visible"
"2018-05-08","14:42:13","Gaby","BEHAVIOR_end(not_visible)"
"2018-05-08","15:10:05","Erika","nothing"
"2018-05-08","15:20:06","Morami","nothing"
"2018-05-11","11:57:04","Roosje","manipulate_feces"
"2018-05-11","11:58:03","Roosje","coprophagy"
"2018-05-11","12:06:19","Fons","self_scratch"
"2018-05-11","12:09:11","Fons","manipulate_feces"
"2018-05-11","15:15:09","Jimmie","nothing"
"2018-05-11","15:28:11","Morami","self_scratch"
"2018-05-11","15:45:04","Giambo","nothing"
"2018-05-11","15:48:26","Moni","self_scratch"
"2018-05-11","15:54:44","Moni","self_scratch"
"2018-05-11","16:05:26","Tushi","manipulate_feces"
"2018-05-11","16:14:57","Tushi","self_scratch"
"2018-05-11","16:25:04","Geisha","nothing"
"2018-05-11","16:35:04","Ghineau","nothing"
"2018-05-11","16:45:05","Gaby","nothing"
"2018-05-14","12:07:49","Jing","self_scratch"
"2018-05-14","12:10:13","Raimee","manipulate_feces"
"2018-05-14","12:12:13","Raimee","self_scratch"
"2018-05-14","15:45:03","Roosje","nothing"
"2018-05-14","15:55:02","Gaby","nothing"
"2018-05-14","15:56:22","Fons","self_scratch"
"2018-05-14","16:15:06","Geisha","nothing"
"2018-05-14","16:20:54","Morami","coprophagy"
"2018-05-14","16:40:07","Tesua","nothing"
"2018-05-15","12:02:45","Jimmie","self_scratch"
"2018-05-15","14:51:28","Giambo","self_scratch"
"2018-05-15","14:57:11","Roosje","self_scratch"
"2018-05-15","15:09:37","Fons","self_scratch"
"2018-05-15","15:35:07","Moniek","nothing"
"2018-05-15","15:45:04","Jing","nothing"
"2018-05-15","16:05:07","Tesua","nothing"
"2018-05-15","16:15:04","Gaby","nothing"
"2018-05-15","16:35:49","Raimee","self_scratch"
"2018-05-15","16:35:53","Raimee","self_scratch"
"2018-05-15","16:39:14","Raimee","self_scratch"
"2018-05-15","16:39:36","Raimee","self_scratch"
"2018-05-15","16:39:50","Raimee","pluck"
"2018-05-15","16:39:57","Raimee","self_scratch"
"2018-05-15","16:40:02","Raimee","pluck"
"2018-05-15","16:40:04","Raimee","self_scratch"
"2018-05-15","16:40:20","Raimee","self_scratch"
"2018-05-15","16:41:35","Raimee","self_scratch"
"2018-05-15","16:43:16","Raimee","self_scratch"
"2018-05-17","12:00:03","Erika","nothing"
"2018-05-17","12:20:04","Gaby","nothing"
"2018-05-17","12:30:04","Jing","nothing"
"2018-05-17","15:44:55","Fons","nothing"
"2018-05-17","16:20:02","Tushi","nothing"
"2018-05-17","16:30:03","Roosje","nothing"
"2018-05-17","16:47:25","Moniek","self_scratch"
"2018-05-17","17:00:59","Moni","nothing"
"2018-05-18","12:22:36","Geisha","pluck"
"2018-05-18","12:27:10","Geisha","self_scratch"
"2018-05-18","12:29:21","Geisha","clap"
"2018-05-18","12:31:30","Jing","manipulate_feces"
"2018-05-18","12:32:10","Jing","coprophagy"
"2018-05-18","12:48:27","Morami","self_scratch"
"2018-05-18","13:07:10","Ghineau","not_visible"
"2018-05-18","13:08:01","Ghineau","BEHAVIOR_end(not_visible)"
"2018-05-18","13:25:03","Jimmie","nothing"
"2018-05-18","14:45:04","Roosje","nothing"
"2018-05-18","14:55:04","Giambo","nothing"
"2018-05-18","15:05:03","Raimee","nothing"
"2018-05-18","15:15:05","Gaby","nothing"
"2018-05-18","15:25:03","Moni","nothing"
"2018-05-22","11:49:52","Giambo","self_scratch"
"2018-05-22","11:54:34","Erika","self_scratch"
"2018-05-22","14:50:03","Fons","nothing"
"2018-05-22","14:54:16","Moniek","coprophagy"
"2018-05-22","15:10:05","Raimee","nothing"
"2018-05-22","15:20:03","Tushi","nothing"
"2018-05-22","15:30:03","Tesua","nothing"
"2018-05-22","15:40:04","Jimmie","nothing"
"2018-05-22","16:02:10","Geisha","self_scratch"
"2018-05-22","16:22:48","Roosje","pluck"
"2018-05-22","16:23:27","Roosje","self_scratch"
"2018-05-22","16:24:15","Roosje","self_scratch"
"2018-05-22","16:32:53","Moni","self_scratch"
"2018-05-24","9:11:39","Geisha","self_scratch"
"2018-05-24","9:30:03","Raimee","nothing"
"2018-05-24","9:40:05","Fons","nothing"
"2018-05-24","9:50:04","Tesua","nothing"
"2018-05-24","10:00:03","Giambo","nothing"
"2018-05-24","12:00:03","Moni","nothing"
"2018-05-24","12:08:17","Moniek","coprophagy"
"2018-05-24","12:12:01","Jing","self_scratch"
"2018-05-24","12:24:35","Ghineau","self_scratch"
"2018-05-25","11:45:02","Geisha","nothing"
"2018-05-25","12:05:04","Jing","nothing"
"2018-05-25","13:22:24","Ghineau","self_scratch"
"2018-05-25","14:10:08","Morami","nothing"
"2018-05-25","14:29:58","Tushi","nothing"
"2018-05-25","14:50:19","Fons","coprophagy"
"2018-05-28","10:50:01","Tesua","nothing"
"2018-05-28","14:10:03","Giambo","nothing"
"2018-05-28","14:10:20","Roosje","self_scratch"
"2018-05-28","14:30:04","Fons","nothing"
"2018-05-29","14:03:44","Roosje","coprophagy"
"2018-05-29","14:20:05","Geisha","nothing"
"2018-05-29","14:30:00","Tesua","nothing"
"2018-05-29","14:40:03","Giambo","nothing"
"2018-05-29","14:50:00","Tushi","nothing"
"2018-05-29","15:00:02","Erika","nothing"
"2018-06-01","15:08:50","Tesua","not_visible"
"2018-06-01","15:10:03","Tesua","BEHAVIOR_end(not_visible)"
"2018-06-01","15:30:05","Moniek","nothing"
"2018-06-01","15:33:31","Tushi","self_scratch"
"2017-11-20","11:08:32","Tesua","other"
"2017-11-21","12:20:25","Tesua","other"
"2017-11-21","12:50:02","Jimmie","other"
"2017-11-21","13:12:34","Ghineau","other"
"2017-11-21","15:04:58","Jing","other"
"2017-11-23","10:03:54","Fons","other"
"2017-11-23","13:30:23","Tesua","other"
"2017-11-24","10:04:00","Ghineau","other"
"2017-11-24","10:10:46","Morami","other"
"2017-11-24","10:56:02","Erika","other"
"2017-11-24","11:21:46","Roosje","other"
"2017-11-24","11:45:11","Tesua","other"
"2017-11-24","12:08:20","Moniek","other"
"2017-11-24","12:15:18","Geisha","other"
"2017-11-27","11:49:06","Tesua","other"
"2017-11-27","12:21:46","Fons","other"
"2017-11-27","13:03:04","Geisha","other"
"2017-11-28","10:14:45","Jing","other"
"2017-11-28","10:39:13","Moni","other"
"2017-11-28","11:20:11","Giambo","other"
"2017-11-28","14:47:28","Geisha","other"
"2017-11-28","14:51:36","Raimee","other"
"2017-11-28","15:18:35","Roosje","other"
"2017-11-28","15:34:33","Erika","other"
"2017-11-30","9:32:47","Morami","other"
"2017-11-30","10:01:01","Jing","other"
"2017-11-30","10:10:27","Moni","other"
"2017-11-30","10:30:24","Roosje","other"
"2017-12-01","11:50:13","Fons","other"
"2017-12-01","12:20:15","Geisha","other"
"2017-12-01","13:46:46","Erika","other"
"2017-12-01","13:52:10","Morami","other"
"2017-12-01","14:26:24","Moni","other"
"2017-12-01","14:50:37","Roosje","other"
"2017-12-04","11:11:16","Fons","other"
"2017-12-04","11:24:35","Morami","other"
"2017-12-04","11:30:14","Ghineau","other"
"2017-12-04","11:40:57","Jing","other"
"2017-12-04","12:25:21","Erika","other"
"2017-12-04","13:17:48","Raimee","other"
"2017-12-04","13:25:35","Giambo","other"
"2017-12-04","13:39:08","Moniek","other"
"2017-12-05","11:01:07","Giambo","other"
"2017-12-05","11:05:15","Tesua","other"
"2017-12-05","11:44:47","Jimmie","other"
"2017-12-05","11:45:14","Gaby","other"
"2017-12-05","13:51:07","Erika","other"
"2017-12-05","14:10:12","Jing","other"
"2017-12-05","14:10:26","Geisha","other"
"2017-12-05","14:20:20","Ghineau","other"
"2017-12-07","10:51:13","Erika","other"
"2017-12-07","11:05:24","Giambo","other"
"2017-12-07","12:53:08","Tushi","other"
"2017-12-07","13:53:55","Moni","other"
"2017-12-07","14:13:48","Raimee","other"
"2017-12-08","9:37:31","Tesua","other"
"2017-12-08","9:45:27","Moniek","other"
"2017-12-08","10:15:33","Gaby","other"
"2017-12-08","10:51:07","Jimmie","other"
"2017-12-08","11:00:15","Giambo","other"
"2017-12-08","11:15:12","Erika","other"
"2017-12-08","11:45:53","Geisha","other"
"2017-12-12","9:57:27","Moniek","other"
"2017-12-12","10:07:20","Gaby","other"
"2017-12-12","10:35:17","Giambo","other"
"2017-12-12","10:52:24","Erika","other"
"2017-12-12","11:55:22","Ghineau","other"
"2017-12-14","9:48:40","Moni","other"
"2017-12-14","9:51:39","Giambo","other"
"2017-12-14","14:25:03","Ghineau","other"
"2017-12-14","14:35:06","Geisha","other"
"2017-12-15","9:41:27","Tesua","other"
"2017-12-15","11:34:57","Moni","other"
"2017-12-15","12:01:35","Jing","other"
"2017-12-15","13:11:23","Raimee","other"
"2017-12-15","13:30:20","Morami","other"
"2017-12-15","14:00:20","Roosje","other"
"2018-01-08","13:34:21","Tushi","other"
"2018-01-08","13:40:14","Geisha","other"
"2018-01-08","14:15:43","Jimmie","other"
"2018-01-08","14:45:14","Tesua","other"
"2018-01-08","14:55:15","Morami","other"
"2018-01-08","15:12:11","Jing","other"
"2018-01-09","11:30:20","Giambo","other"
"2018-01-09","11:50:13","Geisha","other"
"2018-01-09","13:20:31","Morami","other"
"2018-01-11","10:11:39","Erika","other"
"2018-01-11","10:33:21","Fons","other"
"2018-01-11","10:49:32","Tesua","other"
"2018-01-11","11:10:24","Geisha","other"
"2018-01-11","14:25:16","Moni","other"
"2018-01-12","11:45:33","Tesua","other"
"2018-01-15","11:24:52","Roosje","other"
"2018-01-15","12:09:17","Erika","other"
"2018-01-15","13:20:17","Ghineau","other"
"2018-01-16","13:53:33","Geisha","other"
"2018-01-16","14:02:19","Jimmie","other"
"2018-01-16","14:25:49","Gaby","other"
"2018-01-16","14:35:31","Tesua","other"
"2018-01-16","15:05:17","Moniek","other"
"2018-01-19","9:21:14","Giambo","other"
"2018-01-19","11:10:57","Roosje","other"
"2018-01-19","11:30:14","Jing","other"
"2018-01-22","9:51:28","Jimmie","other"
"2018-01-22","10:23:32","Tesua","other"
"2018-01-22","10:29:24","Ghineau","other"
"2018-01-22","11:20:19","Jing","other"
"2018-01-22","11:45:33","Morami","other"
"2018-01-22","11:58:45","Gaby","other"
"2018-01-23","10:25:51","Giambo","other"
"2018-01-23","10:36:13","Raimee","other"
"2018-01-23","10:52:42","Morami","other"
"2018-01-23","11:01:16","Roosje","other"
"2018-01-23","11:14:24","Jing","other"
"2018-01-23","13:45:10","Tesua","other"
"2018-01-23","14:01:09","Fons","other"
"2018-01-23","14:25:36","Ghineau","other"
"2018-01-23","14:35:39","Gaby","other"
"2018-01-25","11:38:11","Moniek","other"
"2018-01-25","11:55:11","Ghineau","other"
"2018-01-25","12:15:14","Geisha","other"
"2018-01-25","12:31:17","Fons","other"
"2018-01-25","12:40:33","Erika","other"
"2018-01-25","12:59:27","Jimmie","other"
"2018-01-25","13:21:58","Moni","other"
"2018-01-26","13:30:28","Fons","other"
"2018-01-26","13:55:11","Erika","other"
"2018-01-26","14:09:05","Jing","other"
"2018-01-29","13:30:19","Morami","other"
"2018-01-29","13:51:06","Moniek","other"
"2018-01-29","14:27:17","Tushi","other"
"2018-01-29","14:50:10","Fons","other"
"2018-01-29","15:13:17","Tesua","other"
"2018-02-01","9:35:27","Erika","other"
"2018-02-01","10:25:02","Jing","other"
"2018-02-01","13:45:41","Geisha","other"
"2018-02-01","13:58:28","Ghineau","other"
"2018-02-01","14:05:55","Tesua","other"
"2018-02-02","12:05:36","Erika","other"
"2018-02-02","12:15:30","Moniek","other"
"2018-02-02","12:37:51","Fons","other"
"2018-02-02","14:13:35","Jing","other"
"2018-02-02","14:24:05","Giambo","other"
"2018-02-02","14:37:39","Tesua","other"
"2018-02-02","14:55:24","Moni","other"
"2018-02-06","9:35:20","Gaby","other"
"2018-02-06","9:51:37","Jing","other"
"2018-02-06","10:01:30","Ghineau","other"
"2018-02-06","14:01:00","Jimmie","other"
"2018-02-08","9:31:36","Roosje","other"
"2018-02-08","9:51:30","Tesua","other"
"2018-02-08","10:26:47","Jing","other"
"2018-02-08","10:40:21","Morami","other"
"2018-02-08","11:17:49","Raimee","other"
"2018-02-09","13:30:11","Tushi","other"
"2018-02-09","14:29:36","Roosje","other"
"2018-02-09","14:57:10","Erika","other"
"2018-02-09","15:39:27","Moniek","other"
"2018-02-12","13:03:53","Morami","other"
"2018-02-12","13:26:05","Ghineau","other"
"2018-02-12","13:31:23","Fons","other"
"2018-02-12","13:40:22","Roosje","other"
"2018-02-12","14:05:56","Moniek","other"
"2018-02-12","14:56:32","Raimee","other"
"2018-02-13","10:45:10","Moni","other"
"2018-02-13","11:35:39","Roosje","other"
"2018-02-13","11:40:15","Jing","other"
"2018-02-15","9:10:25","Moniek","other"
"2018-02-15","9:21:48","Erika","other"
"2018-02-15","9:41:24","Fons","other"
"2018-02-15","9:47:56","Tushi","other"
"2018-02-15","10:12:17","Giambo","other"
"2018-02-16","11:08:16","Giambo","other"
"2018-02-16","11:20:11","Raimee","other"
"2018-02-16","11:32:13","Ghineau","other"
"2018-02-16","12:35:31","Fons","other"
"2018-02-16","12:55:12","Tesua","other"
"2018-02-16","13:05:16","Erika","other"
"2018-02-16","14:04:54","Jing","other"
"2018-02-20","10:00:46","Jimmie","other"
"2018-02-20","14:38:55","Erika","other"
"2018-02-20","15:09:25","Giambo","other"
"2018-02-20","15:23:33","Raimee","other"
"2018-02-22","9:23:22","Geisha","other"
"2018-02-22","9:32:30","Fons","other"
"2018-02-22","9:56:16","Tesua","other"
"2018-02-22","10:14:11","Roosje","other"
"2018-02-22","10:15:36","Giambo","other"
"2018-02-22","10:25:16","Tushi","other"
"2018-02-22","11:20:17","Gaby","other"
"2018-02-22","11:30:17","Raimee","other"
"2018-02-22","11:40:28","Ghineau","other"
"2018-02-22","11:50:33","Moniek","other"
"2018-02-23","11:25:11","Erika","other"
"2018-02-23","12:01:55","Gaby","other"
"2018-02-23","12:12:14","Fons","other"
"2018-02-23","12:22:45","Giambo","other"
"2018-02-23","12:31:34","Roosje","other"
"2018-02-26","11:44:06","Roosje","other"
"2018-02-26","12:40:10","Tushi","other"
"2018-02-26","12:50:12","Erika","other"
"2018-02-26","13:01:46","Ghineau","other"
"2018-02-26","13:10:51","Moni","other"
"2018-02-26","13:21:55","Fons","other"
"2018-02-27","10:53:03","Geisha","other"
"2018-02-27","12:06:36","Fons","other"
"2018-02-27","12:17:01","Raimee","other"
"2018-02-27","12:54:14","Tesua","other"
"2018-02-27","13:25:08","Gaby","other"
"2018-03-01","10:45:23","Morami","other"
"2018-03-01","13:38:01","Jing","other"
"2018-03-01","14:01:21","Roosje","other"
"2018-03-01","14:20:10","Geisha","other"
"2018-03-02","9:28:35","Raimee","other"
"2018-03-02","11:13:40","Jimmie","other"
"2018-03-02","11:20:11","Gaby","other"
"2018-03-02","11:30:20","Moniek","other"
"2018-03-02","12:00:18","Tushi","other"
"2018-03-02","12:46:11","Moni","other"
"2018-03-02","13:04:40","Geisha","other"
"2018-03-05","10:18:18","Giambo","other"
"2018-03-05","11:25:19","Ghineau","other"
"2018-03-05","11:38:30","Roosje","other"
"2018-03-05","11:45:12","Raimee","other"
"2018-03-06","12:28:43","Giambo","other"
"2018-03-06","13:42:32","Geisha","other"
"2018-03-06","13:46:50","Moniek","other"
"2018-03-06","13:59:12","Jing","other"
"2018-03-06","14:15:13","Raimee","other"
"2018-03-08","9:35:25","Moni","other"
"2018-03-08","9:54:14","Tesua","other"
"2018-03-08","9:57:55","Jimmie","other"
"2018-03-08","10:09:16","Jing","other"
"2018-03-08","10:20:05","Gaby","other"
"2018-03-08","10:31:55","Tushi","other"
"2018-03-08","11:20:17","Ghineau","other"
"2018-03-08","14:25:19","Giambo","other"
"2018-03-09","10:51:29","Giambo","other"
"2018-03-09","11:00:09","Ghineau","other"
"2018-03-09","11:28:49","Gaby","other"
"2018-03-09","11:55:58","Roosje","other"
"2018-03-09","13:28:23","Moni","other"
"2018-03-09","13:48:22","Erika","other"
"2018-03-09","13:58:59","Jing","other"
"2018-03-12","9:58:55","Tushi","other"
"2018-03-12","10:13:28","Raimee","other"
"2018-03-13","9:15:04","Morami","other"
"2018-03-13","9:25:57","Roosje","other"
"2018-03-13","9:35:10","Fons","other"
"2018-03-13","9:48:10","Tushi","other"
"2018-03-13","10:21:13","Raimee","other"
"2018-03-13","10:35:39","Jing","other"
"2018-03-13","11:10:40","Erika","other"
"2018-03-13","11:40:33","Moniek","other"
"2018-03-13","11:52:37","Giambo","other"
"2018-03-16","10:30:09","Erika","other"
"2018-03-16","11:10:07","Ghineau","other"
"2018-03-16","11:26:53","Giambo","other"
"2018-03-16","11:45:33","Roosje","other"
"2018-03-16","12:15:07","Tesua","other"
"2018-03-19","10:49:58","Raimee","other"
"2018-03-19","10:53:42","Moniek","other"
"2018-03-19","11:01:46","Ghineau","other"
"2018-03-19","11:30:26","Geisha","other"
"2018-03-19","12:09:19","Giambo","other"
"2018-03-19","12:47:25","Tesua","other"
"2018-03-19","13:00:17","Roosje","other"
"2018-03-19","13:10:24","Morami","other"
"2018-03-20","10:11:41","Ghineau","other"
"2018-03-20","10:15:59","Raimee","other"
"2018-03-20","10:26:30","Morami","other"
"2018-03-20","13:12:46","Geisha","other"
"2018-03-20","13:52:10","Moniek","other"
"2018-03-22","9:51:22","Moni","other"
"2018-03-22","10:00:31","Jimmie","other"
"2018-03-22","12:00:25","Gaby","other"
"2018-03-23","10:16:55","Morami","other"
"2018-03-26","11:08:57","Ghineau","other"
"2018-03-26","11:13:07","Moniek","other"
"2018-03-26","11:21:03","Raimee","other"
"2018-03-26","11:43:09","Moni","other"
"2018-03-26","12:05:16","Gaby","other"
"2018-03-26","12:15:14","Morami","other"
"2018-03-26","13:37:08","Erika","other"
"2018-03-27","10:26:45","Jing","other"
"2018-03-29","11:18:33","Tesua","other"
"2018-03-29","11:55:59","Fons","other"
"2018-03-29","14:36:54","Geisha","other"
"2018-03-30","11:43:12","Ghineau","other"
"2018-03-30","11:57:43","Tushi","other"
"2018-03-30","13:27:19","Morami","other"
"2018-03-30","13:45:10","Geisha","other"
"2018-03-30","14:05:17","Raimee","other"
"2018-03-30","14:24:52","Fons","other"
"2018-04-03","12:11:53","Jimmie","other"
"2018-04-03","12:24:09","Erika","other"
"2018-04-03","12:43:21","Raimee","other"
"2018-04-03","12:50:29","Giambo","other"
"2018-04-03","14:12:37","Tesua","other"
"2018-04-03","14:26:18","Moni","other"
"2018-04-03","14:31:19","Jing","other"
"2018-04-03","15:27:11","Ghineau","other"
"2018-04-05","11:31:30","Fons","other"
"2018-04-05","11:40:17","Jing","other"
"2018-04-05","11:50:22","Roosje","other"
"2018-04-05","16:03:39","Moni","other"
"2018-04-06","12:55:07","Giambo","other"
"2018-04-06","13:35:23","Moni","other"
"2018-04-06","15:35:19","Erika","other"
"2018-04-06","15:45:37","Tushi","other"
"2018-04-06","16:08:00","Morami","other"
"2018-04-06","16:13:49","Fons","other"
"2018-04-06","16:50:11","Tesua","other"
"2018-04-09","12:09:16","Fons","other"
"2018-04-09","12:15:15","Geisha","other"
"2018-04-09","12:25:19","Morami","other"
"2018-04-09","14:40:39","Tushi","other"
"2018-04-10","12:28:59","Moniek","other"
"2018-04-10","13:04:40","Erika","other"
"2018-04-10","14:55:15","Ghineau","other"
"2018-04-10","15:08:09","Geisha","other"
"2018-04-12","12:01:46","Raimee","other"
"2018-04-12","12:10:11","Ghineau","other"
"2018-04-12","12:59:32","Roosje","other"
"2018-04-12","15:57:35","Tushi","other"
"2018-04-13","9:15:22","Jing","other"
"2018-04-13","9:57:58","Gaby","other"
"2018-04-13","10:12:43","Morami","other"
"2018-04-13","10:50:21","Moniek","other"
"2018-04-13","13:45:18","Geisha","other"
"2018-04-13","13:59:54","Erika","other"
"2018-04-13","14:06:25","Ghineau","other"
"2018-04-16","13:52:18","Morami","other"
"2018-04-16","14:46:40","Gaby","other"
"2018-04-16","15:27:19","Erika","other"
"2018-04-17","11:11:30","Jing","other"
"2018-04-17","11:23:45","Geisha","other"
"2018-04-17","11:35:15","Morami","other"
"2018-04-17","13:24:51","Roosje","other"
"2018-04-17","14:10:16","Gaby","other"
"2018-04-17","14:20:10","Moniek","other"
"2018-04-19","10:45:49","Fons","other"
"2018-04-19","11:04:32","Tesua","other"
"2018-04-19","11:27:09","Geisha","other"
"2018-04-20","12:33:34","Geisha","other"
"2018-04-20","14:02:32","Roosje","other"
"2018-04-20","14:11:45","Raimee","other"
"2018-04-20","15:04:40","Jing","other"
"2018-04-20","15:06:52","Erika","other"
"2018-04-20","15:25:55","Moniek","other"
"2018-04-20","15:42:57","Tesua","other"
"2018-04-23","16:14:59","Raimee","other"
"2018-04-23","16:25:11","Jing","other"
"2018-04-23","16:35:16","Tesua","other"
"2018-04-24","11:53:26","Fons","other"
"2018-04-24","12:07:12","Giambo","other"
"2018-04-24","12:16:39","Roosje","other"
"2018-04-24","16:17:34","Ghineau","other"
"2018-04-26","11:45:18","Morami","other"
"2018-04-26","12:00:48","Moni","other"
"2018-04-26","12:07:54","Ghineau","other"
"2018-04-26","12:41:07","Giambo","other"
"2018-04-26","12:53:46","Roosje","other"
"2018-04-26","13:01:21","Tesua","other"
"2018-04-30","11:58:22","Roosje","other"
"2018-04-30","13:27:27","Jing","other"
"2018-04-30","13:45:18","Morami","other"
"2018-04-30","13:55:12","Geisha","other"
"2018-04-30","14:37:40","Fons","other"
"2018-04-30","14:42:06","Giambo","other"
"2018-04-30","14:50:20","Ghineau","other"
"2018-05-01","15:36:53","Fons","other"
"2018-05-01","15:45:16","Giambo","other"
"2018-05-03","10:40:09","Geisha","other"
"2018-05-03","11:03:38","Roosje","other"
"2018-05-03","12:39:55","Tushi","other"
"2018-05-03","13:59:48","Gaby","other"
"2018-05-04","11:40:52","Erika","other"
"2018-05-04","15:27:39","Jimmie","other"
"2018-05-04","15:51:03","Moniek","other"
"2018-05-04","15:55:13","Morami","other"
"2018-05-04","16:05:09","Raimee","other"
"2018-05-04","16:34:24","Jing","other"
"2018-05-07","12:08:59","Tushi","other"
"2018-05-07","12:35:08","Ghineau","other"
"2018-05-07","15:26:57","Moni","other"
"2018-05-07","15:38:03","Roosje","other"
"2018-05-07","15:45:28","Erika","other"
"2018-05-07","16:31:41","Morami","other"
"2018-05-08","11:59:11","Fons","other"
"2018-05-08","13:17:07","Tushi","other"
"2018-05-08","13:25:36","Raimee","other"
"2018-05-08","13:45:17","Tesua","other"
"2018-05-08","13:55:37","Geisha","other"
"2018-05-08","14:22:11","Ghineau","other"
"2018-05-11","11:51:26","Jing","other"
"2018-05-11","14:49:17","Raimee","other"
"2018-05-11","14:57:45","Tesua","other"
"2018-05-11","15:59:10","Moniek","other"
"2018-05-14","11:58:45","Erika","other"
"2018-05-14","12:22:04","Tushi","other"
"2018-05-14","12:33:15","Moniek","other"
"2018-05-14","12:42:17","Moni","other"
"2018-05-14","16:52:39","Ghineau","other"
"2018-05-15","11:42:15","Erika","other"
"2018-05-15","11:53:54","Geisha","other"
"2018-05-15","15:17:08","Ghineau","other"
"2018-05-15","15:46:47","Morami","other"
"2018-05-15","16:16:34","Tushi","other"
"2018-05-15","16:27:01","Moni","other"
"2018-05-17","12:02:31","Geisha","other"
"2018-05-17","12:39:44","Ghineau","other"
"2018-05-17","12:40:35","Tesua","other"
"2018-05-17","15:50:36","Jimmie","other"
"2018-05-17","16:08:43","Morami","other"
"2018-05-18","11:53:02","Moniek","other"
"2018-05-18","12:07:58","Fons","other"
"2018-05-18","12:15:40","Tesua","other"
"2018-05-18","12:58:41","Tushi","other"
"2018-05-22","12:05:04","Gaby","other"
"2018-05-22","15:53:41","Ghineau","other"
"2018-05-22","16:07:33","Jing","other"
"2018-05-22","16:35:10","Morami","other"
"2018-05-24","9:05:57","Roosje","other"
"2018-05-24","11:40:09","Morami","other"
"2018-05-24","12:33:36","Gaby","other"
"2018-05-24","13:36:10","Jimmie","other"
"2018-05-24","13:43:48","Tushi","other"
"2018-05-24","13:52:58","Erika","other"
"2018-05-25","11:52:45","Moniek","other"
"2018-05-25","13:03:19","Gaby","other"
"2018-05-25","13:06:34","Raimee","other"
"2018-05-25","13:47:47","Jimmie","other"
"2018-05-25","14:12:55","Roosje","other"
"2018-05-25","14:38:52","Giambo","other"
"2018-05-25","14:40:35","Erika","other"
"2018-05-28","10:55:01","Moniek","other"
"2018-05-28","11:02:45","Erika","other"
"2018-05-28","13:35:45","Ghineau","other"
"2018-05-28","13:49:58","Jing","other"
"2018-05-28","13:50:33","Tushi","other"
"2018-06-01","14:30:06","Ghineau","other"
"2018-06-01","14:50:20","Fons","other"
